timestamp,epoch,step,global_step,loss,lr
2025-12-05T15:05:29.487064,1,100,99,3704.013887,0.00005525
2025-12-05T15:05:51.189466,1,200,199,5.959313,0.00011105
2025-12-05T15:06:12.930234,1,300,299,5.312700,0.00016685
2025-12-05T15:06:34.501737,1,400,399,5.057652,0.00022266
2025-12-05T15:06:56.630576,1,500,499,4.724557,0.00027846
2025-12-05T15:07:18.946297,1,600,599,4.567476,0.00033426
2025-12-05T15:07:40.492531,1,700,699,4.334657,0.00039007
2025-12-05T15:08:02.592685,1,800,799,4.119045,0.00044587
2025-12-05T15:08:24.630778,1,900,899,4.033085,0.00050167
2025-12-05T15:08:46.739778,1,1000,999,3.924176,0.00055748
2025-12-05T15:09:09.566904,1,1100,1099,3.854071,0.00055804
2025-12-05T15:09:31.594155,1,1200,1199,3.806823,0.00055803
2025-12-05T15:09:52.701447,1,1300,1299,3.777390,0.00055803
2025-12-05T15:10:13.302139,1,1400,1399,3.769238,0.00055803
2025-12-05T15:10:34.576642,1,1500,1499,3.725861,0.00055803
2025-12-05T15:10:56.153948,1,1600,1599,3.717134,0.00055803
2025-12-05T15:11:17.521382,1,1700,1699,3.680967,0.00055802
2025-12-05T15:11:38.864088,1,1800,1799,3.664256,0.00055802
2025-12-05T15:12:00.647142,1,1900,1899,3.625926,0.00055801
2025-12-05T15:12:22.406161,1,2000,1999,3.703268,0.00055801
2025-12-05T15:12:46.390642,1,2100,2099,3.647388,0.00055800
2025-12-05T15:13:09.739321,1,2200,2199,3.602028,0.00055800
2025-12-05T15:13:33.060425,1,2300,2299,3.577321,0.00055799
2025-12-05T15:13:56.348300,1,2400,2399,3.580915,0.00055798
2025-12-05T15:14:18.900241,1,2500,2499,3.567256,0.00055797
2025-12-05T15:14:42.371717,1,2600,2599,3.555208,0.00055796
2025-12-05T15:15:05.655206,1,2700,2699,3.548615,0.00055796
2025-12-05T15:27:33.994370,1,100,99,3704.013887,0.00005525
2025-12-05T15:27:55.535836,1,200,199,5.959313,0.00011105
2025-12-05T15:28:16.575820,1,300,299,5.312700,0.00016685
2025-12-05T15:28:38.071588,1,400,399,5.057652,0.00022266
2025-12-05T15:28:59.555726,1,500,499,4.724557,0.00027846
2025-12-05T15:29:21.272829,1,600,599,4.567476,0.00033426
2025-12-05T15:29:42.428981,1,700,699,4.334657,0.00039007
2025-12-05T15:30:04.158049,1,800,799,4.119045,0.00044587
2025-12-05T15:30:25.312322,1,900,899,4.033085,0.00050167
2025-12-05T15:30:46.632295,1,1000,999,3.924176,0.00055748
2025-12-05T15:31:22.644585,1,1100,1099,3.854071,0.00055804
2025-12-05T15:31:45.068115,1,1200,1199,3.806823,0.00055803
2025-12-05T15:32:06.208552,1,1300,1299,3.777390,0.00055803
2025-12-05T15:32:27.889993,1,1400,1399,3.769238,0.00055803
2025-12-05T15:32:49.876256,1,1500,1499,3.725861,0.00055803
2025-12-05T15:33:11.938351,1,1600,1599,3.717134,0.00055803
2025-12-05T15:33:34.001314,1,1700,1699,3.680967,0.00055802
2025-12-05T15:33:56.082111,1,1800,1799,3.664256,0.00055802
2025-12-05T15:34:18.712173,1,1900,1899,3.625926,0.00055801
2025-12-05T15:34:40.838998,1,2000,1999,3.703268,0.00055801
2025-12-05T15:35:16.470415,1,2100,2099,3.647388,0.00055800
2025-12-05T15:35:37.388712,1,2200,2199,3.602028,0.00055800
2025-12-05T15:35:58.831166,1,2300,2299,3.577321,0.00055799
2025-12-05T15:36:20.203232,1,2400,2399,3.580915,0.00055798
2025-12-05T15:36:41.165275,1,2500,2499,3.567256,0.00055797
2025-12-05T15:37:02.263268,1,2600,2599,3.555208,0.00055796
2025-12-05T15:37:23.649153,1,2700,2699,3.548615,0.00055796
2025-12-05T15:37:44.918746,1,2800,2799,3.522402,0.00055795
2025-12-05T15:38:05.388854,1,2900,2899,3.550946,0.00055794
2025-12-05T15:38:26.800366,1,3000,2999,3.565529,0.00055793
2025-12-05T15:39:01.621903,1,3100,3099,3.496339,0.00055791
2025-12-05T15:39:23.360177,1,3200,3199,3.507031,0.00055790
2025-12-05T15:39:44.965591,1,3300,3299,3.482071,0.00055789
2025-12-05T15:40:06.856765,1,3400,3399,3.497670,0.00055788
2025-12-05T15:40:29.306881,1,3500,3499,3.460944,0.00055786
2025-12-05T15:40:51.146404,1,3600,3599,3.445160,0.00055785
2025-12-05T15:41:12.733296,1,3700,3699,3.445731,0.00055783
2025-12-05T15:41:34.447629,1,3800,3799,3.464196,0.00055782
2025-12-05T15:41:56.283754,1,3900,3899,3.440099,0.00055780
2025-12-05T15:42:18.591655,1,4000,3999,3.435874,0.00055779
2025-12-05T15:42:54.069945,1,4100,4099,3.450997,0.00055777
2025-12-05T15:43:15.784098,1,4200,4199,3.426360,0.00055775
2025-12-05T15:43:37.366267,1,4300,4299,3.428577,0.00055773
2025-12-05T15:43:59.380653,1,4400,4399,3.439580,0.00055772
2025-12-05T15:44:20.950397,1,4500,4499,3.436983,0.00055770
2025-12-05T15:44:42.718181,1,4600,4599,3.424843,0.00055768
2025-12-05T15:45:05.043079,1,4700,4699,3.400070,0.00055766
2025-12-05T15:45:26.717830,1,4800,4799,3.424047,0.00055764
2025-12-05T15:45:48.605345,1,4900,4899,3.401745,0.00055761
2025-12-05T15:46:10.693508,1,5000,4999,3.388370,0.00055759
2025-12-05T15:46:47.377391,1,5100,5099,3.416011,0.00055757
2025-12-05T15:47:08.613826,1,5200,5199,3.403772,0.00055755
2025-12-05T15:47:30.166641,1,5300,5299,3.373080,0.00055752
2025-12-05T15:47:51.665672,1,5400,5399,3.390606,0.00055750
2025-12-05T15:48:13.091171,1,5500,5499,3.400754,0.00055748
2025-12-05T15:48:34.567756,1,5600,5599,3.399050,0.00055745
2025-12-05T15:48:56.466865,1,5700,5699,3.390770,0.00055742
2025-12-05T15:49:17.226494,1,5800,5799,3.371197,0.00055740
2025-12-05T15:49:38.630941,1,5900,5899,3.371296,0.00055737
2025-12-05T15:49:59.835163,1,6000,5999,3.367858,0.00055734
2025-12-05T15:50:34.926654,1,6100,6099,3.367799,0.00055732
2025-12-05T15:50:56.399412,1,6200,6199,3.389830,0.00055729
2025-12-05T15:51:18.168402,1,6300,6299,3.374937,0.00055726
2025-12-05T15:51:40.068515,1,6400,6399,3.374672,0.00055723
2025-12-05T15:52:01.230239,1,6500,6499,3.338477,0.00055720
2025-12-05T15:52:22.572904,1,6600,6599,3.352620,0.00055717
2025-12-05T15:52:43.769784,1,6700,6699,3.369250,0.00055714
2025-12-05T15:53:05.147226,1,6800,6799,3.345066,0.00055711
2025-12-05T15:53:26.536288,1,6900,6899,3.349871,0.00055707
2025-12-05T15:53:48.250714,1,7000,6999,3.343444,0.00055704
2025-12-05T15:54:22.919534,1,7100,7099,3.361228,0.00055701
2025-12-05T15:54:44.202848,1,7200,7199,3.314213,0.00055697
2025-12-05T15:55:05.488055,1,7300,7299,3.344858,0.00055694
2025-12-05T15:55:26.903234,1,7400,7399,3.342419,0.00055690
2025-12-05T15:55:47.898724,1,7500,7499,3.327133,0.00055687
2025-12-05T15:56:09.137202,1,7600,7599,3.332174,0.00055683
2025-12-05T15:56:30.909709,1,7700,7699,3.341822,0.00055679
2025-12-05T15:56:52.633931,1,7800,7799,3.346435,0.00055676
2025-12-05T15:57:14.089779,1,7900,7899,3.349415,0.00055672
2025-12-05T15:57:35.535277,1,8000,7999,3.295915,0.00055668
2025-12-05T15:58:10.673581,1,8100,8099,3.322183,0.00055664
2025-12-05T15:58:31.953540,1,8200,8199,3.321671,0.00055660
2025-12-05T15:58:53.436835,1,8300,8299,3.319983,0.00055656
2025-12-05T15:59:14.871272,1,8400,8399,3.331205,0.00055652
2025-12-05T15:59:36.394851,1,8500,8499,3.328865,0.00055648
2025-12-05T15:59:57.723405,1,8600,8599,3.316431,0.00055644
2025-12-05T16:00:19.245756,1,8700,8699,3.341762,0.00055640
2025-12-05T16:00:40.980660,1,8800,8799,3.315508,0.00055635
2025-12-05T16:01:01.756059,1,8900,8899,3.314030,0.00055631
2025-12-05T16:01:23.179737,1,9000,8999,3.309376,0.00055627
2025-12-05T16:01:57.951703,1,9100,9099,3.308359,0.00055622
2025-12-05T16:02:19.528940,1,9200,9199,3.333682,0.00055618
2025-12-05T16:02:40.860536,1,9300,9299,3.314355,0.00055613
2025-12-05T16:03:02.548544,1,9400,9399,3.321305,0.00055608
2025-12-05T16:03:23.577090,1,9500,9499,3.306676,0.00055604
2025-12-05T16:03:45.056038,1,9600,9599,3.316343,0.00055599
2025-12-05T16:04:06.627520,1,9700,9699,3.331884,0.00055594
2025-12-05T16:04:28.244298,1,9800,9799,3.317503,0.00055589
2025-12-05T16:04:49.517964,1,9900,9899,3.286887,0.00055585
2025-12-05T16:05:11.089257,1,10000,9999,3.297778,0.00055580
2025-12-05T16:05:45.020671,1,10100,10099,3.308810,0.00055575
2025-12-05T16:06:05.903382,1,10200,10199,3.279366,0.00055570
2025-12-05T17:58:21.397403,1,100,99,2229.597409,0.00005525
2025-12-05T17:58:41.999544,1,200,199,5.896267,0.00011105
2025-12-05T17:59:02.210212,1,300,299,4.946448,0.00016685
2025-12-05T17:59:22.034550,1,400,399,4.553494,0.00022266
2025-12-05T17:59:42.424489,1,500,499,4.179298,0.00027846
2025-12-05T18:00:02.840069,1,600,599,4.037301,0.00033426
2025-12-05T18:00:22.724994,1,700,699,3.874525,0.00039007
2025-12-05T18:00:43.124432,1,800,799,3.776390,0.00044587
2025-12-05T18:01:03.497881,1,900,899,3.693194,0.00050167
2025-12-05T18:01:23.511998,1,1000,999,3.678658,0.00055748
2025-12-05T18:01:58.277265,1,1100,1099,3.631494,0.00055804
2025-12-05T18:02:19.931401,1,1200,1199,3.615352,0.00055803
2025-12-05T18:02:41.342359,1,1300,1299,3.572613,0.00055803
2025-12-05T18:03:02.392644,1,1400,1399,3.603370,0.00055803
2025-12-05T18:03:23.826208,1,1500,1499,3.568190,0.00055803
2025-12-05T18:03:45.473423,1,1600,1599,3.542537,0.00055803
2025-12-05T18:04:06.538195,1,1700,1699,3.533123,0.00055802
2025-12-05T18:04:27.952096,1,1800,1799,3.500566,0.00055802
2025-12-05T18:04:49.551521,1,1900,1899,3.466334,0.00055801
2025-12-05T18:05:10.575425,1,2000,1999,3.488466,0.00055801
2025-12-05T18:05:46.582094,1,2100,2099,3.495186,0.00055800
2025-12-05T18:06:08.678532,1,2200,2199,3.458359,0.00055800
2025-12-05T18:06:30.225302,1,2300,2299,3.446312,0.00055799
2025-12-05T18:06:51.537231,1,2400,2399,3.431559,0.00055798
2025-12-05T18:07:13.640406,1,2500,2499,3.413420,0.00055797
2025-12-05T18:07:35.703382,1,2600,2599,3.415061,0.00055796
2025-12-05T18:07:57.280734,1,2700,2699,3.410291,0.00055796
2025-12-05T18:08:19.197822,1,2800,2799,3.385616,0.00055795
2025-12-05T18:08:41.362381,1,2900,2899,3.404240,0.00055794
2025-12-05T18:09:03.310903,1,3000,2999,3.465814,0.00055793
2025-12-05T18:09:37.298386,1,3100,3099,3.426424,0.00055791
2025-12-05T18:09:58.972435,1,3200,3199,3.391997,0.00055790
2025-12-05T18:10:20.274327,1,3300,3299,3.355586,0.00055789
2025-12-05T18:10:41.890170,1,3400,3399,3.370819,0.00055788
2025-12-05T18:11:03.805810,1,3500,3499,3.346588,0.00055786
2025-12-05T18:11:25.648147,1,3600,3599,3.326072,0.00055785
2025-12-05T18:11:47.102074,1,3700,3699,3.335538,0.00055783
2025-12-05T18:12:08.491687,1,3800,3799,3.346530,0.00055782
2025-12-05T18:12:30.384050,1,3900,3899,3.318965,0.00055780
2025-12-05T18:12:52.025593,1,4000,3999,3.319359,0.00055779
2025-12-05T18:13:26.526736,1,4100,4099,3.336906,0.00055777
2025-12-05T18:13:48.821073,1,4200,4199,3.307575,0.00055775
2025-12-05T18:14:11.240088,1,4300,4299,3.317130,0.00055773
2025-12-05T18:14:33.829806,1,4400,4399,3.329456,0.00055772
2025-12-05T18:14:56.109103,1,4500,4499,3.318518,0.00055770
2025-12-05T18:15:18.743779,1,4600,4599,3.313730,0.00055768
2025-12-05T18:15:40.707549,1,4700,4699,3.290652,0.00055766
2025-12-05T18:16:03.019471,1,4800,4799,3.317052,0.00055764
2025-12-05T18:16:25.497722,1,4900,4899,3.300549,0.00055761
2025-12-05T18:16:47.865677,1,5000,4999,3.278723,0.00055759
2025-12-05T18:17:21.343627,1,5100,5099,3.306784,0.00055757
2025-12-05T18:17:43.944705,1,5200,5199,3.298381,0.00055755
2025-12-05T18:18:06.538871,1,5300,5299,3.272772,0.00055752
2025-12-05T18:18:29.130077,1,5400,5399,3.282412,0.00055750
2025-12-05T18:18:51.539576,1,5500,5499,3.304020,0.00055748
2025-12-05T18:19:14.643483,1,5600,5599,3.292323,0.00055745
2025-12-05T18:19:37.129986,1,5700,5699,3.290577,0.00055742
2025-12-05T18:19:59.615922,1,5800,5799,3.269944,0.00055740
2025-12-05T18:20:22.015499,1,5900,5899,3.265253,0.00055737
2025-12-05T18:20:44.527589,1,6000,5999,3.265000,0.00055734
2025-12-05T18:21:18.730086,1,6100,6099,3.275308,0.00055732
2025-12-05T18:21:41.655216,1,6200,6199,3.295850,0.00055729
2025-12-05T18:22:04.574351,1,6300,6299,3.282581,0.00055726
2025-12-05T18:22:27.015942,1,6400,6399,3.287104,0.00055723
2025-12-05T18:22:49.726635,1,6500,6499,3.245901,0.00055720
2025-12-05T18:23:12.766544,1,6600,6599,3.282992,0.00055717
2025-12-05T18:23:35.660198,1,6700,6699,3.276931,0.00055714
2025-12-05T18:23:57.817509,1,6800,6799,3.258764,0.00055711
2025-12-05T18:24:20.578910,1,6900,6899,3.254779,0.00055707
2025-12-05T18:24:43.605249,1,7000,6999,3.249788,0.00055704
2025-12-05T18:25:17.888445,1,7100,7099,3.276262,0.00055701
2025-12-05T18:25:40.118811,1,7200,7199,3.226556,0.00055697
2025-12-05T18:26:03.070614,1,7300,7299,3.255342,0.00055694
2025-12-05T18:26:25.338465,1,7400,7399,3.249770,0.00055690
2025-12-05T18:26:47.582081,1,7500,7499,3.235770,0.00055687
2025-12-05T18:27:10.142018,1,7600,7599,3.238348,0.00055683
2025-12-05T18:27:32.892467,1,7700,7699,3.247581,0.00055679
2025-12-05T18:27:55.328533,1,7800,7799,3.257075,0.00055676
2025-12-05T18:28:17.667913,1,7900,7899,3.256644,0.00055672
2025-12-05T18:28:40.331284,1,8000,7999,3.212297,0.00055668
2025-12-05T18:29:14.779380,1,8100,8099,3.240004,0.00055664
2025-12-05T18:29:37.671466,1,8200,8199,3.235147,0.00055660
2025-12-05T18:30:00.467640,1,8300,8299,3.229903,0.00055656
2025-12-05T18:30:23.089495,1,8400,8399,3.240851,0.00055652
2025-12-05T18:30:46.320406,1,8500,8499,3.240182,0.00055648
2025-12-05T18:31:09.257411,1,8600,8599,3.224458,0.00055644
2025-12-05T18:31:31.423500,1,8700,8699,3.247651,0.00055640
2025-12-05T18:31:54.721321,1,8800,8799,3.228309,0.00055635
2025-12-05T18:32:17.135917,1,8900,8899,3.224681,0.00055631
2025-12-05T18:32:39.931897,1,9000,8999,3.218622,0.00055627
2025-12-05T18:33:14.654545,1,9100,9099,3.214424,0.00055622
2025-12-05T18:33:37.320730,1,9200,9199,3.238599,0.00055618
2025-12-05T18:33:59.739955,1,9300,9299,3.225055,0.00055613
2025-12-05T18:34:21.888753,1,9400,9399,3.234185,0.00055608
2025-12-05T18:34:44.403713,1,9500,9499,3.212297,0.00055604
2025-12-05T18:35:07.101036,1,9600,9599,3.231604,0.00055599
2025-12-05T18:35:29.033763,1,9700,9699,3.244860,0.00055594
2025-12-05T18:35:51.444408,1,9800,9799,3.229685,0.00055589
2025-12-05T18:36:14.122703,1,9900,9899,3.203438,0.00055585
2025-12-05T18:36:37.036483,1,10000,9999,3.221383,0.00055580
2025-12-05T18:37:11.933095,1,10100,10099,3.222613,0.00055575
2025-12-05T18:37:34.635635,1,10200,10199,3.195300,0.00055570
2025-12-05T19:06:08.269706,1,100,99,2229.597409,0.00005525
2025-12-05T19:06:28.795951,1,200,199,5.896267,0.00011105
2025-12-05T19:06:49.127268,1,300,299,4.946448,0.00016685
2025-12-05T19:07:09.342829,1,400,399,4.553494,0.00022266
2025-12-05T19:07:29.955860,1,500,499,4.179298,0.00027846
2025-12-05T19:07:50.621583,1,600,599,4.037301,0.00033426
2025-12-05T19:08:10.912847,1,700,699,3.874525,0.00039007
2025-12-05T19:08:31.577331,1,800,799,3.776390,0.00044587
2025-12-05T19:08:52.038275,1,900,899,3.693194,0.00050167
2025-12-05T19:09:12.320209,1,1000,999,3.678658,0.00055748
2025-12-05T19:09:46.731862,1,1100,1099,3.631494,0.00055804
2025-12-05T19:10:08.212712,1,1200,1199,3.615352,0.00055803
2025-12-05T19:10:29.088391,1,1300,1299,3.572613,0.00055803
2025-12-05T19:10:49.989495,1,1400,1399,3.603370,0.00055803
2025-12-05T19:11:11.405292,1,1500,1499,3.568190,0.00055803
2025-12-05T19:11:32.535013,1,1600,1599,3.542537,0.00055802
2025-12-05T19:11:53.864010,1,1700,1699,3.533123,0.00055802
2025-12-05T19:12:14.991444,1,1800,1799,3.500566,0.00055801
2025-12-05T19:12:36.180420,1,1900,1899,3.466334,0.00055801
2025-12-05T19:12:56.688035,1,2000,1999,3.488466,0.00055800
2025-12-05T19:13:30.229435,1,2100,2099,3.495186,0.00055799
2025-12-05T19:13:51.754964,1,2200,2199,3.458359,0.00055799
2025-12-05T19:14:13.090581,1,2300,2299,3.446312,0.00055798
2025-12-05T19:14:34.502986,1,2400,2399,3.431559,0.00055797
2025-12-05T19:14:56.135727,1,2500,2499,3.413420,0.00055796
2025-12-05T19:15:17.613249,1,2600,2599,3.415061,0.00055795
2025-12-05T19:15:38.776232,1,2700,2699,3.410291,0.00055794
2025-12-05T19:16:00.279587,1,2800,2799,3.385616,0.00055792
2025-12-05T19:16:21.510418,1,2900,2899,3.404240,0.00055791
2025-12-05T19:16:42.587249,1,3000,2999,3.465814,0.00055790
2025-12-05T19:17:16.271801,1,3100,3099,3.426424,0.00055788
2025-12-05T19:17:38.077853,1,3200,3199,3.391997,0.00055787
2025-12-05T19:18:00.066232,1,3300,3299,3.355586,0.00055785
2025-12-05T19:18:21.967778,1,3400,3399,3.370819,0.00055784
2025-12-05T19:18:43.828750,1,3500,3499,3.346588,0.00055782
2025-12-05T19:19:06.118748,1,3600,3599,3.326072,0.00055780
2025-12-05T19:19:28.337782,1,3700,3699,3.335538,0.00055778
2025-12-05T19:19:50.531161,1,3800,3799,3.346530,0.00055776
2025-12-05T19:20:12.206403,1,3900,3899,3.318965,0.00055774
2025-12-05T19:20:34.246263,1,4000,3999,3.319359,0.00055772
2025-12-05T19:21:09.626203,1,4100,4099,3.336906,0.00055770
2025-12-05T19:21:31.180415,1,4200,4199,3.307575,0.00055768
2025-12-05T19:21:52.779468,1,4300,4299,3.317130,0.00055766
2025-12-05T19:22:14.753923,1,4400,4399,3.329456,0.00055763
2025-12-05T19:22:36.600617,1,4500,4499,3.318518,0.00055761
2025-12-05T19:22:57.874290,1,4600,4599,3.313730,0.00055759
2025-12-05T19:23:19.976511,1,4700,4699,3.290652,0.00055756
2025-12-05T19:23:41.550623,1,4800,4799,3.317052,0.00055753
2025-12-05T19:24:03.916503,1,4900,4899,3.300549,0.00055751
2025-12-05T19:24:25.746826,1,5000,4999,3.278723,0.00055748
2025-12-05T19:25:04.336640,1,5100,5099,3.306784,0.00055745
2025-12-05T19:25:26.169223,1,5200,5199,3.298381,0.00055742
2025-12-05T19:25:48.358859,1,5300,5299,3.272772,0.00055739
2025-12-05T19:26:10.557069,1,5400,5399,3.282412,0.00055736
2025-12-05T19:26:32.364381,1,5500,5499,3.304020,0.00055733
2025-12-05T19:26:53.948394,1,5600,5599,3.292323,0.00055730
2025-12-05T19:27:15.412352,1,5700,5699,3.290577,0.00055727
2025-12-05T19:27:37.489953,1,5800,5799,3.269944,0.00055724
2025-12-05T19:27:59.361642,1,5900,5899,3.265253,0.00055720
2025-12-05T19:28:20.834075,1,6000,5999,3.265000,0.00055717
2025-12-05T19:28:58.701072,1,6100,6099,3.275308,0.00055713
2025-12-05T19:29:21.107854,1,6200,6199,3.295850,0.00055710
2025-12-05T19:29:42.955378,1,6300,6299,3.282581,0.00055706
2025-12-05T19:30:05.018249,1,6400,6399,3.287104,0.00055702
2025-12-05T19:30:26.983721,1,6500,6499,3.245901,0.00055699
2025-12-05T19:30:49.210814,1,6600,6599,3.282992,0.00055695
2025-12-05T19:31:11.245109,1,6700,6699,3.276931,0.00055691
2025-12-05T19:31:33.635455,1,6800,6799,3.258764,0.00055687
2025-12-05T19:31:55.275401,1,6900,6899,3.254779,0.00055683
2025-12-05T19:32:16.902234,1,7000,6999,3.249788,0.00055679
2025-12-05T19:32:51.374321,1,7100,7099,3.276262,0.00055674
2025-12-05T19:33:13.508554,1,7200,7199,3.226556,0.00055670
2025-12-05T19:33:35.169999,1,7300,7299,3.255342,0.00055666
2025-12-05T19:33:56.209385,1,7400,7399,3.249770,0.00055661
2025-12-05T19:34:18.052447,1,7500,7499,3.235770,0.00055657
2025-12-05T19:34:40.324706,1,7600,7599,3.238348,0.00055652
2025-12-05T19:35:02.155063,1,7700,7699,3.247581,0.00055648
2025-12-05T19:35:23.801001,1,7800,7799,3.257075,0.00055643
2025-12-05T19:35:45.987042,1,7900,7899,3.256644,0.00055638
2025-12-05T19:36:08.163662,1,8000,7999,3.212297,0.00055633
2025-12-05T19:36:44.779241,1,8100,8099,3.240004,0.00055629
2025-12-05T19:37:06.920021,1,8200,8199,3.235147,0.00055624
2025-12-05T19:37:28.557791,1,8300,8299,3.229903,0.00055619
2025-12-05T19:37:50.574037,1,8400,8399,3.240851,0.00055613
2025-12-05T19:38:12.415041,1,8500,8499,3.240182,0.00055608
2025-12-05T19:38:34.212194,1,8600,8599,3.224458,0.00055603
2025-12-05T19:38:55.817303,1,8700,8699,3.247651,0.00055598
2025-12-05T19:39:17.313375,1,8800,8799,3.228309,0.00055592
2025-12-05T19:39:39.109769,1,8900,8899,3.224681,0.00055587
2025-12-05T19:40:01.060992,1,9000,8999,3.218622,0.00055581
2025-12-05T19:40:35.670052,1,9100,9099,3.214424,0.00055576
2025-12-05T19:40:57.102602,1,9200,9199,3.238599,0.00055570
2025-12-05T19:41:19.457535,1,9300,9299,3.225055,0.00055564
2025-12-05T19:41:41.447654,1,9400,9399,3.234185,0.00055559
2025-12-05T19:42:03.603932,1,9500,9499,3.212297,0.00055553
2025-12-05T19:42:25.387979,1,9600,9599,3.231604,0.00055547
2025-12-05T19:42:47.511372,1,9700,9699,3.244860,0.00055541
2025-12-05T19:43:09.446476,1,9800,9799,3.229685,0.00055535
2025-12-05T19:43:31.031794,1,9900,9899,3.203438,0.00055529
2025-12-05T19:43:52.883823,1,10000,9999,3.221383,0.00055522
2025-12-05T19:44:37.546802,2,100,10099,3.201047,0.00055516
2025-12-05T19:44:59.239258,2,200,10199,3.223593,0.00055510
2025-12-05T19:45:21.934415,2,300,10299,3.206289,0.00055503
2025-12-05T19:45:44.270987,2,400,10399,3.205072,0.00055497
2025-12-05T19:46:06.231206,2,500,10499,3.176451,0.00055490
2025-12-05T19:46:28.591686,2,600,10599,3.218572,0.00055484
2025-12-05T19:46:50.467721,2,700,10699,3.203040,0.00055477
2025-12-05T19:47:12.792336,2,800,10799,3.197674,0.00055470
2025-12-05T19:47:34.829141,2,900,10899,3.203741,0.00055464
2025-12-05T19:47:57.382263,2,1000,10999,3.200191,0.00055457
2025-12-05T19:48:31.781629,2,1100,11099,3.185229,0.00055450
2025-12-05T19:48:53.555818,2,1200,11199,3.192654,0.00055443
2025-12-05T19:49:15.508233,2,1300,11299,3.192705,0.00055436
2025-12-05T19:49:37.498968,2,1400,11399,3.190508,0.00055428
2025-12-05T19:49:59.424450,2,1500,11499,3.194843,0.00055421
2025-12-05T19:50:21.159865,2,1600,11599,3.194735,0.00055414
2025-12-05T19:50:43.754945,2,1700,11699,3.179496,0.00055407
2025-12-05T19:51:05.890335,2,1800,11799,3.188121,0.00055399
2025-12-05T19:51:28.733370,2,1900,11899,3.198996,0.00055392
2025-12-05T19:51:51.636929,2,2000,11999,3.217209,0.00055384
2025-12-05T19:52:25.974937,2,2100,12099,3.181313,0.00055376
2025-12-05T19:52:48.317163,2,2200,12199,3.176834,0.00055369
2025-12-05T19:53:10.920160,2,2300,12299,3.180442,0.00055361
2025-12-05T19:53:33.766384,2,2400,12399,3.173429,0.00055353
2025-12-05T19:53:56.480140,2,2500,12499,3.194958,0.00055345
2025-12-05T19:54:18.814132,2,2600,12599,3.164397,0.00055337
2025-12-05T19:54:41.562711,2,2700,12699,3.201531,0.00055329
2025-12-05T19:55:03.648230,2,2800,12799,3.179114,0.00055321
2025-12-05T19:55:26.342738,2,2900,12899,3.190064,0.00055313
2025-12-05T19:55:48.720646,2,3000,12999,3.151847,0.00055304
2025-12-05T19:56:23.458898,2,3100,13099,3.182316,0.00055296
2025-12-05T19:56:45.523834,2,3200,13199,3.170475,0.00055288
2025-12-05T19:57:07.174641,2,3300,13299,3.200311,0.00055279
2025-12-05T19:57:29.267632,2,3400,13399,3.159817,0.00055271
2025-12-05T19:57:51.202282,2,3500,13499,3.171327,0.00055262
2025-12-05T19:58:13.035406,2,3600,13599,3.158392,0.00055253
2025-12-05T19:58:35.068361,2,3700,13699,3.176052,0.00055245
2025-12-05T19:58:57.306820,2,3800,13799,3.170130,0.00055236
2025-12-05T19:59:20.298142,2,3900,13899,3.168822,0.00055227
2025-12-05T19:59:43.142339,2,4000,13999,3.185230,0.00055218
2025-12-05T20:00:17.158821,2,4100,14099,3.158741,0.00055209
2025-12-05T20:00:38.906177,2,4200,14199,3.167594,0.00055200
2025-12-05T20:01:01.127520,2,4300,14299,3.151243,0.00055191
2025-12-05T20:01:23.177177,2,4400,14399,3.169791,0.00055182
2025-12-05T20:01:44.866535,2,4500,14499,3.159478,0.00055172
2025-12-05T20:02:06.627158,2,4600,14599,3.166185,0.00055163
2025-12-05T20:02:28.819101,2,4700,14699,3.184187,0.00055154
2025-12-05T20:02:51.408429,2,4800,14799,3.190949,0.00055144
2025-12-05T20:03:13.976326,2,4900,14899,3.183196,0.00055135
2025-12-05T20:03:36.483320,2,5000,14999,3.180384,0.00055125
2025-12-05T20:04:16.674451,2,5100,15099,3.168985,0.00055115
2025-12-05T20:04:38.956328,2,5200,15199,3.167509,0.00055106
2025-12-05T20:05:01.397490,2,5300,15299,3.168429,0.00055096
2025-12-05T20:05:23.717730,2,5400,15399,3.148812,0.00055086
2025-12-05T20:05:46.833125,2,5500,15499,3.156386,0.00055076
2025-12-05T20:06:09.070940,2,5600,15599,3.158921,0.00055066
2025-12-05T20:06:31.796406,2,5700,15699,3.175110,0.00055056
2025-12-05T20:06:54.607522,2,5800,15799,3.162120,0.00055046
2025-12-05T20:07:17.251547,2,5900,15899,3.152764,0.00055035
2025-12-05T20:07:39.781729,2,6000,15999,3.166065,0.00055025
2025-12-05T20:08:14.184937,2,6100,16099,3.174218,0.00055015
2025-12-05T20:08:36.558901,2,6200,16199,3.159331,0.00055004
2025-12-05T20:08:58.723279,2,6300,16299,3.149769,0.00054994
2025-12-05T20:09:21.169655,2,6400,16399,3.150288,0.00054983
2025-12-05T20:09:43.306165,2,6500,16499,3.163326,0.00054973
2025-12-05T20:10:05.451704,2,6600,16599,3.159548,0.00054962
2025-12-05T20:10:27.688244,2,6700,16699,3.143917,0.00054951
2025-12-05T20:10:50.054719,2,6800,16799,3.256155,0.00054940
2025-12-05T20:11:12.629583,2,6900,16899,3.172249,0.00054929
2025-12-05T20:11:34.956916,2,7000,16999,3.157901,0.00054918
2025-12-05T20:12:09.338726,2,7100,17099,3.165950,0.00054907
2025-12-05T20:12:32.390953,2,7200,17199,3.148336,0.00054896
2025-12-05T20:12:55.417589,2,7300,17299,3.153803,0.00054885
2025-12-05T20:13:18.255920,2,7400,17399,3.155182,0.00054874
2025-12-05T20:13:40.925177,2,7500,17499,3.137917,0.00054862
2025-12-05T20:14:03.862466,2,7600,17599,3.147253,0.00054851
2025-12-05T20:14:26.819778,2,7700,17699,3.165703,0.00054840
2025-12-05T20:14:48.862798,2,7800,17799,3.123875,0.00054828
2025-12-05T20:15:11.545648,2,7900,17899,3.142991,0.00054817
2025-12-05T20:15:34.355441,2,8000,17999,3.170815,0.00054805
2025-12-05T20:16:07.535392,2,8100,18099,3.145010,0.00054793
2025-12-05T20:16:28.928983,2,8200,18199,3.137324,0.00054781
2025-12-05T20:16:49.936858,2,8300,18299,3.165997,0.00054770
2025-12-05T20:17:11.438926,2,8400,18399,3.145155,0.00054758
2025-12-05T20:17:32.622757,2,8500,18499,3.144478,0.00054746
2025-12-05T20:17:54.059559,2,8600,18599,3.155801,0.00054734
2025-12-05T20:18:15.636394,2,8700,18699,3.143027,0.00054721
2025-12-05T20:18:37.887045,2,8800,18799,3.150331,0.00054709
2025-12-05T20:19:00.697279,2,8900,18899,3.144572,0.00054697
2025-12-05T20:19:22.736258,2,9000,18999,3.150036,0.00054685
2025-12-05T20:19:56.667071,2,9100,19099,3.123524,0.00054672
2025-12-05T20:20:18.592732,2,9200,19199,3.132225,0.00054660
2025-12-05T20:20:40.510826,2,9300,19299,3.135340,0.00054647
2025-12-05T20:21:02.528110,2,9400,19399,3.152105,0.00054635
2025-12-05T20:21:24.376042,2,9500,19499,3.148903,0.00054622
2025-12-05T20:21:46.464479,2,9600,19599,3.168048,0.00054609
2025-12-05T20:22:08.450990,2,9700,19699,3.157261,0.00054597
2025-12-05T20:22:31.231090,2,9800,19799,3.120699,0.00054584
2025-12-05T20:22:53.299519,2,9900,19899,3.137048,0.00054571
2025-12-05T20:23:15.486322,2,10000,19999,3.121736,0.00054558
2025-12-05T20:24:00.009964,3,100,20099,3.140332,0.00054545
2025-12-05T20:24:21.806547,3,200,20199,3.155580,0.00054532
2025-12-05T20:24:44.178491,3,300,20299,3.132369,0.00054519
2025-12-05T20:25:05.798490,3,400,20399,3.143714,0.00054505
2025-12-05T20:25:26.585547,3,500,20499,3.117634,0.00054492
2025-12-05T20:25:48.612406,3,600,20599,3.156509,0.00054479
2025-12-05T20:26:11.019619,3,700,20699,3.130800,0.00054465
2025-12-05T20:26:33.786078,3,800,20799,3.123175,0.00054452
2025-12-05T20:26:55.855246,3,900,20899,3.110934,0.00054438
2025-12-05T20:27:17.755670,3,1000,20999,3.154640,0.00054424
2025-12-05T20:27:51.813569,3,1100,21099,3.146721,0.00054411
2025-12-05T20:28:13.661062,3,1200,21199,3.134400,0.00054397
2025-12-05T20:28:34.902091,3,1300,21299,3.127869,0.00054383
2025-12-05T20:28:57.033195,3,1400,21399,3.143229,0.00054369
2025-12-05T20:29:19.057680,3,1500,21499,3.140880,0.00054355
2025-12-05T20:29:41.301686,3,1600,21599,3.120505,0.00054341
2025-12-05T20:30:03.291609,3,1700,21699,3.150248,0.00054327
2025-12-05T20:30:25.872489,3,1800,21799,3.143298,0.00054313
2025-12-05T20:30:48.830915,3,1900,21899,3.125052,0.00054299
2025-12-05T20:31:11.004790,3,2000,21999,3.129717,0.00054284
2025-12-05T20:31:45.696433,3,2100,22099,3.155233,0.00054270
2025-12-05T20:32:07.650737,3,2200,22199,3.123563,0.00054256
2025-12-05T20:32:29.800362,3,2300,22299,3.134324,0.00054241
2025-12-05T20:32:52.274223,3,2400,22399,3.129621,0.00054227
2025-12-05T20:33:14.421833,3,2500,22499,3.126009,0.00054212
2025-12-05T20:33:36.186121,3,2600,22599,3.136583,0.00054197
2025-12-05T20:33:58.846945,3,2700,22699,3.135461,0.00054182
2025-12-05T20:34:21.330750,3,2800,22799,3.124326,0.00054168
2025-12-05T20:34:43.188154,3,2900,22899,3.107973,0.00054153
2025-12-05T20:35:05.893094,3,3000,22999,3.146225,0.00054138
2025-12-05T20:35:40.695601,3,3100,23099,3.138460,0.00054123
2025-12-05T20:36:03.304779,3,3200,23199,3.147164,0.00054108
2025-12-05T20:36:25.628030,3,3300,23299,3.124871,0.00054092
2025-12-05T20:36:47.910220,3,3400,23399,3.126389,0.00054077
2025-12-05T20:37:10.841685,3,3500,23499,3.133016,0.00054062
2025-12-05T20:37:33.334527,3,3600,23599,3.117807,0.00054047
2025-12-05T20:37:55.629627,3,3700,23699,3.129693,0.00054031
2025-12-05T20:38:18.261615,3,3800,23799,3.133983,0.00054016
2025-12-05T20:38:40.477257,3,3900,23899,3.125418,0.00054000
2025-12-05T20:39:02.829963,3,4000,23999,3.120202,0.00053985
2025-12-05T20:39:37.094560,3,4100,24099,3.121704,0.00053969
2025-12-05T20:39:59.000454,3,4200,24199,3.111997,0.00053953
2025-12-05T20:40:21.664576,3,4300,24299,3.121382,0.00053937
2025-12-05T20:40:44.594699,3,4400,24399,3.137200,0.00053921
2025-12-05T20:41:06.866502,3,4500,24499,3.139351,0.00053906
2025-12-05T20:41:29.422299,3,4600,24599,3.107576,0.00053890
2025-12-05T20:41:52.438199,3,4700,24699,3.093983,0.00053873
2025-12-05T20:42:14.581688,3,4800,24799,3.106223,0.00053857
2025-12-05T20:42:36.694803,3,4900,24899,3.110723,0.00053841
2025-12-05T20:42:59.442965,3,5000,24999,3.151535,0.00053825
2025-12-05T20:43:34.342476,3,5100,25099,3.121688,0.00053809
2025-12-05T20:43:56.719242,3,5200,25199,3.138925,0.00053792
2025-12-05T20:44:19.279571,3,5300,25299,3.113270,0.00053776
2025-12-05T20:44:42.392256,3,5400,25399,3.117031,0.00053759
2025-12-05T20:45:04.827009,3,5500,25499,3.131332,0.00053743
2025-12-05T20:45:27.363784,3,5600,25599,3.121523,0.00053726
2025-12-05T20:45:50.193605,3,5700,25699,3.127521,0.00053709
2025-12-05T20:46:12.581758,3,5800,25799,3.122339,0.00053692
2025-12-05T20:46:34.469051,3,5900,25899,3.110135,0.00053676
2025-12-05T20:46:56.761575,3,6000,25999,3.116355,0.00053659
2025-12-05T20:47:30.722342,3,6100,26099,3.109228,0.00053642
2025-12-05T20:47:53.530647,3,6200,26199,3.116349,0.00053625
2025-12-05T20:48:15.788721,3,6300,26299,3.128596,0.00053608
2025-12-05T20:48:38.222645,3,6400,26399,3.116337,0.00053590
2025-12-05T20:49:00.986728,3,6500,26499,3.119877,0.00053573
2025-12-05T20:49:23.602076,3,6600,26599,3.109144,0.00053556
2025-12-05T20:49:46.206826,3,6700,26699,3.129885,0.00053539
2025-12-05T20:50:09.124494,3,6800,26799,3.123784,0.00053521
2025-12-05T20:50:31.047077,3,6900,26899,3.108980,0.00053504
2025-12-05T20:50:53.604868,3,7000,26999,3.116263,0.00053486
2025-12-05T20:51:28.134701,3,7100,27099,3.117225,0.00053469
2025-12-05T20:51:50.823684,3,7200,27199,3.123697,0.00053451
2025-12-05T20:52:13.354337,3,7300,27299,3.115792,0.00053433
2025-12-05T20:52:35.832913,3,7400,27399,3.102165,0.00053415
2025-12-05T20:52:58.492635,3,7500,27499,3.151419,0.00053397
2025-12-05T20:53:20.887268,3,7600,27599,3.127492,0.00053380
2025-12-05T20:53:43.865214,3,7700,27699,3.110242,0.00053362
2025-12-05T20:54:06.245336,3,7800,27799,3.140981,0.00053344
2025-12-05T20:54:29.267623,3,7900,27899,3.114771,0.00053325
2025-12-05T20:54:51.057863,3,8000,27999,3.092724,0.00053307
2025-12-05T20:55:23.987733,3,8100,28099,3.125995,0.00053289
2025-12-05T20:55:45.822155,3,8200,28199,3.112664,0.00053271
2025-12-05T20:56:07.515008,3,8300,28299,3.121519,0.00053252
2025-12-05T20:56:28.968148,3,8400,28399,3.122110,0.00053234
2025-12-05T20:56:50.265155,3,8500,28499,3.096485,0.00053215
2025-12-05T20:57:11.884277,3,8600,28599,3.088020,0.00053197
2025-12-05T20:57:34.115103,3,8700,28699,3.105073,0.00053178
2025-12-05T20:57:55.979787,3,8800,28799,3.115291,0.00053160
2025-12-05T20:58:18.162155,3,8900,28899,3.117654,0.00053141
2025-12-05T20:58:40.378132,3,9000,28999,3.102815,0.00053122
2025-12-05T20:59:14.140064,3,9100,29099,3.102475,0.00053103
2025-12-05T20:59:35.310335,3,9200,29199,3.140503,0.00053084
2025-12-05T20:59:57.001430,3,9300,29299,3.092509,0.00053065
2025-12-05T21:00:19.045421,3,9400,29399,3.088453,0.00053046
2025-12-05T21:00:40.415559,3,9500,29499,3.105934,0.00053027
2025-12-05T21:01:02.265453,3,9600,29599,3.086274,0.00053008
2025-12-05T21:01:24.015186,3,9700,29699,3.127529,0.00052989
2025-12-05T21:01:46.164980,3,9800,29799,3.130453,0.00052969
2025-12-05T21:02:06.897460,3,9900,29899,3.098947,0.00052950
2025-12-05T21:02:28.825627,3,10000,29999,3.111541,0.00052930
2025-12-05T21:03:12.084249,4,100,30099,3.077037,0.00052911
2025-12-05T21:03:33.337776,4,200,30199,3.099802,0.00052891
2025-12-05T21:03:55.109430,4,300,30299,3.087323,0.00052872
2025-12-05T21:04:16.252589,4,400,30399,3.113813,0.00052852
2025-12-05T21:04:38.120289,4,500,30499,3.113693,0.00052832
2025-12-05T21:05:00.348623,4,600,30599,3.128512,0.00052812
2025-12-05T21:05:22.169883,4,700,30699,3.086677,0.00052793
2025-12-05T21:05:44.832883,4,800,30799,3.099155,0.00052773
2025-12-05T21:06:06.248499,4,900,30899,3.119105,0.00052753
2025-12-05T21:06:27.952042,4,1000,30999,3.099926,0.00052733
2025-12-05T21:07:02.243637,4,1100,31099,3.126975,0.00052712
2025-12-05T21:07:24.190589,4,1200,31199,3.087049,0.00052692
2025-12-05T21:07:46.028585,4,1300,31299,3.102269,0.00052672
2025-12-05T21:08:08.401188,4,1400,31399,3.099541,0.00052652
2025-12-05T21:08:30.962998,4,1500,31499,3.121030,0.00052631
2025-12-05T21:08:52.992359,4,1600,31599,3.113791,0.00052611
2025-12-05T21:09:15.145708,4,1700,31699,3.095231,0.00052590
2025-12-05T21:09:37.744432,4,1800,31799,3.090207,0.00052570
2025-12-05T21:10:00.143108,4,1900,31899,3.109237,0.00052549
2025-12-05T21:10:23.109776,4,2000,31999,3.119138,0.00052529
2025-12-05T21:10:56.614488,4,2100,32099,3.108623,0.00052508
2025-12-05T21:11:19.094329,4,2200,32199,3.089198,0.00052487
2025-12-05T21:11:41.029426,4,2300,32299,3.109900,0.00052466
2025-12-05T21:12:03.527599,4,2400,32399,3.111242,0.00052445
2025-12-05T21:12:25.584391,4,2500,32499,3.117731,0.00052424
2025-12-05T21:12:47.662206,4,2600,32599,3.102541,0.00052403
2025-12-05T21:13:09.892544,4,2700,32699,3.085557,0.00052382
2025-12-05T21:13:32.418208,4,2800,32799,3.138844,0.00052361
2025-12-05T21:13:53.870692,4,2900,32899,3.125721,0.00052340
2025-12-05T21:14:15.471064,4,3000,32999,3.112642,0.00052318
2025-12-05T21:14:50.204869,4,3100,33099,3.078414,0.00052297
2025-12-05T21:15:12.243163,4,3200,33199,3.103075,0.00052276
2025-12-05T21:15:33.939995,4,3300,33299,3.095478,0.00052254
2025-12-05T21:15:55.982239,4,3400,33399,3.096175,0.00052233
2025-12-05T21:16:17.858535,4,3500,33499,3.092687,0.00052211
2025-12-05T21:16:40.099407,4,3600,33599,3.093703,0.00052189
2025-12-05T21:17:02.152583,4,3700,33699,3.085917,0.00052168
2025-12-05T21:17:25.117644,4,3800,33799,3.092876,0.00052146
2025-12-05T21:17:47.249331,4,3900,33899,3.099425,0.00052124
2025-12-05T21:18:08.773360,4,4000,33999,3.098414,0.00052102
2025-12-05T21:18:44.605278,4,4100,34099,3.057950,0.00052080
2025-12-05T21:19:06.849660,4,4200,34199,3.116184,0.00052058
2025-12-05T21:19:28.916685,4,4300,34299,3.101425,0.00052036
2025-12-05T21:19:51.262188,4,4400,34399,3.077837,0.00052014
2025-12-05T21:20:13.620970,4,4500,34499,3.092870,0.00051992
2025-12-05T21:20:36.161686,4,4600,34599,3.092166,0.00051970
2025-12-05T21:20:58.032349,4,4700,34699,3.102373,0.00051947
2025-12-05T21:21:20.961591,4,4800,34799,3.105227,0.00051925
2025-12-05T21:21:43.013497,4,4900,34899,3.093324,0.00051903
2025-12-05T21:22:05.713039,4,5000,34999,3.112947,0.00051880
2025-12-05T21:22:39.837149,4,5100,35099,3.095052,0.00051857
2025-12-05T21:23:01.863402,4,5200,35199,3.101805,0.00051835
2025-12-05T21:23:24.014846,4,5300,35299,3.101157,0.00051812
2025-12-05T21:23:46.040696,4,5400,35399,3.089557,0.00051789
2025-12-05T21:24:08.651433,4,5500,35499,3.099412,0.00051767
2025-12-05T21:24:30.549786,4,5600,35599,3.126572,0.00051744
2025-12-05T21:24:53.065713,4,5700,35699,3.081029,0.00051721
2025-12-05T21:25:15.559621,4,5800,35799,3.100612,0.00051698
2025-12-05T21:25:38.352273,4,5900,35899,3.103525,0.00051675
2025-12-05T21:26:00.922094,4,6000,35999,3.097254,0.00051652
2025-12-05T21:26:34.396688,4,6100,36099,3.085624,0.00051629
2025-12-05T21:26:56.114209,4,6200,36199,3.093554,0.00051605
2025-12-05T21:27:17.726854,4,6300,36299,3.092035,0.00051582
2025-12-05T21:27:39.345395,4,6400,36399,3.074941,0.00051559
2025-12-05T21:28:00.042269,4,6500,36499,3.073930,0.00051536
2025-12-05T21:28:21.912698,4,6600,36599,3.089083,0.00051512
2025-12-05T21:28:43.730212,4,6700,36699,3.075116,0.00051489
2025-12-05T21:29:06.115123,4,6800,36799,3.088564,0.00051465
2025-12-05T21:29:28.007163,4,6900,36899,3.095298,0.00051441
2025-12-05T21:29:50.335415,4,7000,36999,3.099809,0.00051418
2025-12-05T21:30:24.006369,4,7100,37099,3.066943,0.00051394
2025-12-05T21:30:45.350285,4,7200,37199,3.080034,0.00051370
2025-12-05T21:31:07.618884,4,7300,37299,3.104673,0.00051346
2025-12-05T21:31:29.783251,4,7400,37399,3.099671,0.00051322
2025-12-05T21:31:51.556924,4,7500,37499,3.089443,0.00051298
2025-12-05T21:32:13.834979,4,7600,37599,3.098414,0.00051274
2025-12-05T21:32:35.868645,4,7700,37699,3.094056,0.00051250
2025-12-05T21:32:58.283621,4,7800,37799,3.065788,0.00051226
2025-12-05T21:33:20.135221,4,7900,37899,3.092276,0.00051202
2025-12-05T21:33:42.957427,4,8000,37999,3.078228,0.00051178
2025-12-05T21:34:17.636619,4,8100,38099,3.092665,0.00051153
2025-12-05T21:34:39.159210,4,8200,38199,3.067327,0.00051129
2025-12-05T21:35:00.649019,4,8300,38299,3.088223,0.00051105
2025-12-05T21:35:21.692518,4,8400,38399,3.102339,0.00051080
2025-12-05T21:35:42.924309,4,8500,38499,3.087107,0.00051056
2025-12-05T21:36:04.040379,4,8600,38599,3.085025,0.00051031
2025-12-05T21:36:25.460169,4,8700,38699,3.062923,0.00051006
2025-12-05T21:36:46.561347,4,8800,38799,3.106015,0.00050982
2025-12-05T21:37:09.045176,4,8900,38899,3.084718,0.00050957
2025-12-05T21:37:31.279389,4,9000,38999,3.102625,0.00050932
2025-12-05T21:38:06.139398,4,9100,39099,3.094427,0.00050907
2025-12-05T21:38:28.403589,4,9200,39199,3.092237,0.00050882
2025-12-05T21:38:51.228805,4,9300,39299,3.100274,0.00050857
2025-12-05T21:39:14.105917,4,9400,39399,3.079662,0.00050832
2025-12-05T21:39:36.611653,4,9500,39499,3.080985,0.00050807
2025-12-05T21:39:59.288322,4,9600,39599,3.088285,0.00050782
2025-12-05T21:40:21.821474,4,9700,39699,3.079726,0.00050756
2025-12-05T21:40:44.122565,4,9800,39799,3.073644,0.00050731
2025-12-05T21:41:07.002279,4,9900,39899,3.099205,0.00050706
2025-12-05T21:41:29.900708,4,10000,39999,3.089795,0.00050680
2025-12-05T21:42:13.787720,5,100,40099,3.117159,0.00050655
2025-12-05T21:42:34.642922,5,200,40199,3.094762,0.00050629
2025-12-05T21:42:55.883011,5,300,40299,3.083695,0.00050604
2025-12-05T21:43:17.287922,5,400,40399,3.090593,0.00050578
2025-12-05T21:43:39.786979,5,500,40499,3.085337,0.00050552
2025-12-05T21:44:01.977628,5,600,40599,3.098549,0.00050527
2025-12-05T21:44:24.373684,5,700,40699,3.083392,0.00050501
2025-12-05T21:44:46.173608,5,800,40799,3.080305,0.00050475
2025-12-05T21:45:07.615695,5,900,40899,3.093969,0.00050449
2025-12-05T21:45:29.846737,5,1000,40999,3.083959,0.00050423
2025-12-05T21:46:05.171132,5,1100,41099,3.088014,0.00050397
2025-12-05T21:46:27.514781,5,1200,41199,3.076623,0.00050371
2025-12-05T21:46:49.668227,5,1300,41299,3.079783,0.00050345
2025-12-05T21:47:12.220023,5,1400,41399,3.088362,0.00050319
2025-12-05T21:47:34.776151,5,1500,41499,3.068464,0.00050292
2025-12-05T21:47:56.296500,5,1600,41599,3.071944,0.00050266
2025-12-05T21:48:19.013842,5,1700,41699,3.096683,0.00050240
2025-12-05T21:48:41.243754,5,1800,41799,3.086661,0.00050213
2025-12-05T21:49:02.983557,5,1900,41899,3.084223,0.00050187
2025-12-05T21:49:25.230576,5,2000,41999,3.090002,0.00050160
2025-12-05T21:50:01.579722,5,2100,42099,3.088372,0.00050134
2025-12-05T21:50:23.177809,5,2200,42199,3.085991,0.00050107
2025-12-05T21:50:44.486884,5,2300,42299,3.074485,0.00050080
2025-12-05T21:51:05.857235,5,2400,42399,3.075826,0.00050054
2025-12-05T21:51:27.970927,5,2500,42499,3.096028,0.00050027
2025-12-05T21:51:49.414810,5,2600,42599,3.092080,0.00050000
2025-12-05T21:52:10.788578,5,2700,42699,3.065091,0.00049973
2025-12-05T21:52:32.890748,5,2800,42799,3.080137,0.00049946
2025-12-05T21:52:54.932439,5,2900,42899,3.077068,0.00049919
2025-12-05T21:53:16.509393,5,3000,42999,3.098653,0.00049892
2025-12-05T21:53:52.691433,5,3100,43099,3.075763,0.00049865
2025-12-05T21:54:15.590193,5,3200,43199,3.111284,0.00049838
2025-12-05T21:54:38.510089,5,3300,43299,3.082023,0.00049810
2025-12-05T21:55:01.073440,5,3400,43399,3.089239,0.00049783
2025-12-05T21:55:24.397241,5,3500,43499,3.076239,0.00049756
2025-12-05T21:55:47.134625,5,3600,43599,3.065239,0.00049728
2025-12-05T21:56:10.235636,5,3700,43699,3.070067,0.00049701
2025-12-05T21:56:32.700040,5,3800,43799,3.075443,0.00049673
2025-12-05T21:56:55.038180,5,3900,43899,3.096056,0.00049646
2025-12-05T21:57:17.642479,5,4000,43999,3.071369,0.00049618
2025-12-05T21:57:52.930394,5,4100,44099,3.086529,0.00049590
2025-12-05T21:58:15.522837,5,4200,44199,3.095852,0.00049563
2025-12-05T21:58:38.424991,5,4300,44299,3.088952,0.00049535
2025-12-05T21:59:00.720892,5,4400,44399,3.065343,0.00049507
2025-12-05T21:59:23.177112,5,4500,44499,3.053654,0.00049479
2025-12-05T21:59:45.935582,5,4600,44599,3.083839,0.00049451
2025-12-05T22:00:08.862232,5,4700,44699,3.084525,0.00049423
2025-12-05T22:00:31.486036,5,4800,44799,3.047166,0.00049395
2025-12-05T22:00:53.858728,5,4900,44899,3.068661,0.00049367
2025-12-05T22:01:17.040759,5,5000,44999,3.056759,0.00049339
2025-12-05T22:01:50.823403,5,5100,45099,3.073437,0.00049311
2025-12-05T22:02:12.359478,5,5200,45199,3.062192,0.00049282
2025-12-05T22:02:34.425103,5,5300,45299,3.078615,0.00049254
2025-12-05T22:02:56.246514,5,5400,45399,3.063213,0.00049226
2025-12-05T22:03:18.174288,5,5500,45499,3.065734,0.00049197
2025-12-05T22:03:40.168420,5,5600,45599,3.074874,0.00049169
2025-12-05T22:04:02.123364,5,5700,45699,3.085510,0.00049140
2025-12-05T22:04:24.189927,5,5800,45799,3.046155,0.00049112
2025-12-05T22:04:46.821220,5,5900,45899,3.090231,0.00049083
2025-12-05T22:05:09.401746,5,6000,45999,3.048800,0.00049054
2025-12-05T22:05:44.500736,5,6100,46099,3.073319,0.00049026
2025-12-05T22:06:07.021634,5,6200,46199,3.078032,0.00048997
2025-12-05T22:06:29.739781,5,6300,46299,3.065925,0.00048968
2025-12-05T22:06:52.411780,5,6400,46399,3.085914,0.00048939
2025-12-05T22:07:14.838994,5,6500,46499,3.061658,0.00048910
2025-12-05T22:07:36.799928,5,6600,46599,3.105244,0.00048881
2025-12-05T22:07:59.494634,5,6700,46699,3.072755,0.00048852
2025-12-05T22:08:22.301720,5,6800,46799,3.082268,0.00048823
2025-12-05T22:08:44.448098,5,6900,46899,3.108298,0.00048794
2025-12-05T22:09:06.869761,5,7000,46999,3.063217,0.00048764
2025-12-05T22:09:41.722374,5,7100,47099,3.062253,0.00048735
2025-12-05T22:10:03.397197,5,7200,47199,3.063936,0.00048706
2025-12-05T22:10:25.096863,5,7300,47299,3.067742,0.00048676
2025-12-05T22:10:47.282669,5,7400,47399,3.095663,0.00048647
2025-12-05T22:11:09.372505,5,7500,47499,3.082607,0.00048617
2025-12-05T22:11:31.363471,5,7600,47599,3.070264,0.00048588
2025-12-05T22:11:53.293349,5,7700,47699,3.072025,0.00048558
2025-12-05T22:12:15.616151,5,7800,47799,3.077718,0.00048529
2025-12-05T22:12:37.963858,5,7900,47899,3.078242,0.00048499
2025-12-05T22:13:00.503824,5,8000,47999,3.068283,0.00048469
2025-12-05T22:13:35.116147,5,8100,48099,3.067674,0.00048440
2025-12-05T22:13:57.209913,5,8200,48199,3.082881,0.00048410
2025-12-05T22:14:19.652317,5,8300,48299,3.067313,0.00048380
2025-12-05T22:14:41.910702,5,8400,48399,3.071253,0.00048350
2025-12-05T22:15:04.072526,5,8500,48499,3.049721,0.00048320
2025-12-05T22:15:26.014386,5,8600,48599,3.063696,0.00048290
2025-12-05T22:15:48.608637,5,8700,48699,3.059559,0.00048260
2025-12-05T22:16:11.505049,5,8800,48799,3.062463,0.00048230
2025-12-05T22:16:33.744606,5,8900,48899,3.043879,0.00048199
2025-12-05T22:16:56.423632,5,9000,48999,3.062629,0.00048169
2025-12-05T22:17:31.955131,5,9100,49099,3.056770,0.00048139
2025-12-05T22:17:54.052620,5,9200,49199,3.067616,0.00048108
2025-12-05T22:18:16.668936,5,9300,49299,3.071932,0.00048078
2025-12-05T22:18:38.868815,5,9400,49399,3.071850,0.00048048
2025-12-05T22:19:00.615916,5,9500,49499,3.092736,0.00048017
2025-12-05T22:19:22.983502,5,9600,49599,3.077454,0.00047987
2025-12-05T22:19:45.100942,5,9700,49699,3.056291,0.00047956
2025-12-05T22:20:07.740909,5,9800,49799,3.077580,0.00047925
2025-12-05T22:20:30.372204,5,9900,49899,3.059438,0.00047895
2025-12-05T22:20:52.469617,5,10000,49999,3.080659,0.00047864
2025-12-05T22:21:37.209011,6,100,50099,3.053780,0.00047833
2025-12-05T22:21:58.881524,6,200,50199,3.087398,0.00047802
2025-12-05T22:22:20.738752,6,300,50299,3.072862,0.00047771
2025-12-05T22:22:42.728316,6,400,50399,3.075352,0.00047740
2025-12-05T22:23:04.576082,6,500,50499,3.070113,0.00047709
2025-12-05T22:23:26.251581,6,600,50599,3.058183,0.00047678
2025-12-05T22:23:49.353414,6,700,50699,3.072756,0.00047647
2025-12-05T22:24:11.635403,6,800,50799,3.077994,0.00047616
2025-12-05T22:24:33.831261,6,900,50899,3.078671,0.00047585
2025-12-05T22:24:56.551792,6,1000,50999,3.060760,0.00047554
2025-12-05T22:25:30.211576,6,1100,51099,3.051710,0.00047522
2025-12-05T22:25:52.365716,6,1200,51199,3.052427,0.00047491
2025-12-05T22:26:14.521098,6,1300,51299,3.043296,0.00047460
2025-12-05T22:26:37.183019,6,1400,51399,3.050143,0.00047428
2025-12-05T22:26:59.524081,6,1500,51499,3.077842,0.00047397
2025-12-05T22:27:21.002125,6,1600,51599,3.072173,0.00047365
2025-12-05T22:27:43.842168,6,1700,51699,3.056221,0.00047334
2025-12-05T22:28:05.636121,6,1800,51799,3.078881,0.00047302
2025-12-05T22:28:27.177981,6,1900,51899,3.073604,0.00047270
2025-12-05T22:28:49.502284,6,2000,51999,3.048658,0.00047238
2025-12-05T22:29:23.222843,6,2100,52099,3.069035,0.00047207
2025-12-05T22:29:45.446131,6,2200,52199,3.070629,0.00047175
2025-12-05T22:30:07.792612,6,2300,52299,3.030114,0.00047143
2025-12-05T22:30:29.929555,6,2400,52399,3.062911,0.00047111
2025-12-05T22:30:51.777546,6,2500,52499,3.068866,0.00047079
2025-12-05T22:31:14.302085,6,2600,52599,3.074244,0.00047047
2025-12-05T22:31:36.283708,6,2700,52699,3.064260,0.00047015
2025-12-05T22:31:57.773016,6,2800,52799,3.075156,0.00046983
2025-12-05T22:32:21.035808,6,2900,52899,3.082395,0.00046951
2025-12-05T22:32:43.709285,6,3000,52999,3.076963,0.00046919
2025-12-05T22:33:19.120994,6,3100,53099,3.074135,0.00046886
2025-12-05T22:33:42.482482,6,3200,53199,3.056033,0.00046854
2025-12-05T22:34:05.841457,6,3300,53299,3.052228,0.00046822
2025-12-05T22:34:29.207136,6,3400,53399,3.050784,0.00046789
2025-12-05T22:34:52.401653,6,3500,53499,3.072639,0.00046757
2025-12-05T22:35:15.791592,6,3600,53599,3.068581,0.00046724
2025-12-05T22:35:38.877819,6,3700,53699,3.083060,0.00046692
2025-12-05T22:36:01.773012,6,3800,53799,3.069465,0.00046659
2025-12-05T22:36:23.788874,6,3900,53899,3.066045,0.00046627
2025-12-05T22:36:46.495621,6,4000,53999,3.069401,0.00046594
2025-12-05T22:37:20.738734,6,4100,54099,3.070885,0.00046561
2025-12-05T22:37:42.593883,6,4200,54199,3.078017,0.00046528
2025-12-05T22:38:04.670135,6,4300,54299,3.075433,0.00046496
2025-12-05T22:38:26.942780,6,4400,54399,3.077518,0.00046463
2025-12-05T22:38:48.945888,6,4500,54499,3.058826,0.00046430
2025-12-05T22:39:10.643914,6,4600,54599,3.035800,0.00046397
2025-12-05T22:39:32.804129,6,4700,54699,3.059771,0.00046364
2025-12-05T22:39:54.072102,6,4800,54799,3.071858,0.00046331
2025-12-05T22:40:16.901018,6,4900,54899,3.063075,0.00046298
2025-12-05T22:40:39.712584,6,5000,54999,3.086140,0.00046265
2025-12-05T22:41:14.981792,6,5100,55099,3.057759,0.00046231
2025-12-05T22:41:37.011295,6,5200,55199,3.077061,0.00046198
2025-12-05T22:41:59.716284,6,5300,55299,3.047963,0.00046165
2025-12-05T22:42:22.536544,6,5400,55399,3.060020,0.00046132
2025-12-05T22:42:45.442776,6,5500,55499,3.071932,0.00046098
2025-12-05T22:43:07.787723,6,5600,55599,3.047108,0.00046065
2025-12-05T22:43:30.608091,6,5700,55699,3.079307,0.00046031
2025-12-05T22:43:53.093593,6,5800,55799,3.065951,0.00045998
2025-12-05T22:44:15.397096,6,5900,55899,3.055208,0.00045964
2025-12-05T22:44:37.228890,6,6000,55999,3.081739,0.00045931
2025-12-05T22:45:13.141170,6,6100,56099,3.064606,0.00045897
2025-12-05T22:45:35.207976,6,6200,56199,3.060292,0.00045863
2025-12-05T22:45:57.619674,6,6300,56299,3.060197,0.00045830
2025-12-05T22:46:20.040340,6,6400,56399,3.065846,0.00045796
2025-12-05T22:46:42.786646,6,6500,56499,3.083559,0.00045762
2025-12-05T22:47:04.891536,6,6600,56599,3.051620,0.00045728
2025-12-05T22:47:27.662195,6,6700,56699,3.057315,0.00045694
2025-12-05T22:47:49.949403,6,6800,56799,3.060069,0.00045660
2025-12-05T22:48:11.983899,6,6900,56899,3.051921,0.00045626
2025-12-05T22:48:34.427392,6,7000,56999,3.077693,0.00045592
2025-12-05T22:49:08.308081,6,7100,57099,3.065008,0.00045558
2025-12-05T22:49:30.705871,6,7200,57199,3.052816,0.00045524
2025-12-05T22:49:53.385122,6,7300,57299,3.049812,0.00045490
2025-12-05T22:50:15.673957,6,7400,57399,3.034076,0.00045456
2025-12-05T22:50:38.214233,6,7500,57499,3.066551,0.00045421
2025-12-05T22:51:00.955099,6,7600,57599,3.069052,0.00045387
2025-12-05T22:51:23.882634,6,7700,57699,3.074447,0.00045353
2025-12-05T22:51:47.190485,6,7800,57799,3.040153,0.00045318
2025-12-05T22:52:09.192626,6,7900,57899,3.055027,0.00045284
2025-12-05T22:52:31.402480,6,8000,57999,3.063247,0.00045249
2025-12-05T22:53:05.529028,6,8100,58099,3.049349,0.00045215
2025-12-05T22:53:27.862260,6,8200,58199,3.059285,0.00045180
2025-12-05T22:53:49.819312,6,8300,58299,3.064745,0.00045146
2025-12-05T22:54:12.032175,6,8400,58399,3.098420,0.00045111
2025-12-05T22:54:34.472090,6,8500,58499,3.063305,0.00045076
2025-12-05T22:54:56.615633,6,8600,58599,3.039207,0.00045042
2025-12-05T22:55:19.109979,6,8700,58699,3.054948,0.00045007
2025-12-05T22:55:41.181839,6,8800,58799,3.040898,0.00044972
2025-12-05T22:56:03.402748,6,8900,58899,3.041888,0.00044937
2025-12-05T22:56:26.066762,6,9000,58999,3.058644,0.00044902
2025-12-05T22:57:00.126913,6,9100,59099,3.066532,0.00044867
2025-12-05T22:57:21.844718,6,9200,59199,3.062139,0.00044832
2025-12-05T22:57:43.628839,6,9300,59299,3.082719,0.00044797
2025-12-05T22:58:05.022105,6,9400,59399,3.065051,0.00044762
2025-12-05T22:58:26.952361,6,9500,59499,3.054105,0.00044727
2025-12-05T22:58:48.454266,6,9600,59599,3.051922,0.00044692
2025-12-05T22:59:10.201858,6,9700,59699,3.053256,0.00044657
2025-12-05T22:59:32.080348,6,9800,59799,3.033591,0.00044621
2025-12-05T22:59:54.603787,6,9900,59899,3.041229,0.00044586
2025-12-05T23:00:16.320589,6,10000,59999,3.083234,0.00044551
2025-12-05T23:01:00.713206,7,100,60099,3.065157,0.00044515
2025-12-05T23:01:22.026863,7,200,60199,3.069384,0.00044480
2025-12-05T23:01:44.696760,7,300,60299,3.056333,0.00044445
2025-12-05T23:02:07.367662,7,400,60399,3.048618,0.00044409
2025-12-05T23:02:29.230413,7,500,60499,3.059019,0.00044374
2025-12-05T23:02:51.345002,7,600,60599,3.035212,0.00044338
2025-12-05T23:03:13.392346,7,700,60699,3.060213,0.00044302
2025-12-05T23:03:35.327969,7,800,60799,3.061861,0.00044267
2025-12-05T23:03:56.472596,7,900,60899,3.048990,0.00044231
2025-12-05T23:04:18.243603,7,1000,60999,3.054839,0.00044195
2025-12-05T23:04:53.655866,7,1100,61099,3.074845,0.00044160
2025-12-05T23:05:15.950458,7,1200,61199,3.059469,0.00044124
2025-12-05T23:05:38.565134,7,1300,61299,3.055103,0.00044088
2025-12-05T23:06:01.354110,7,1400,61399,3.076722,0.00044052
2025-12-05T23:06:24.263399,7,1500,61499,3.070106,0.00044016
2025-12-05T23:06:46.380037,7,1600,61599,3.052675,0.00043980
2025-12-05T23:07:09.287502,7,1700,61699,3.040727,0.00043944
2025-12-05T23:07:31.579609,7,1800,61799,3.067734,0.00043908
2025-12-05T23:07:54.801768,7,1900,61899,3.054588,0.00043872
2025-12-05T23:08:17.560878,7,2000,61999,3.037113,0.00043836
2025-12-05T23:08:52.139229,7,2100,62099,3.062216,0.00043800
2025-12-05T23:09:14.576032,7,2200,62199,3.047460,0.00043763
2025-12-05T23:09:37.210802,7,2300,62299,3.053553,0.00043727
2025-12-05T23:09:59.956117,7,2400,62399,3.056804,0.00043691
2025-12-05T23:10:22.275603,7,2500,62499,3.096544,0.00043654
2025-12-05T23:10:44.766506,7,2600,62599,3.083069,0.00043618
2025-12-05T23:11:07.664539,7,2700,62699,3.039304,0.00043582
2025-12-05T23:11:30.482367,7,2800,62799,3.068218,0.00043545
2025-12-05T23:11:53.232341,7,2900,62899,3.074203,0.00043509
2025-12-05T23:12:15.397697,7,3000,62999,3.071432,0.00043472
2025-12-05T23:12:49.893089,7,3100,63099,3.067756,0.00043436
2025-12-05T23:13:12.401296,7,3200,63199,3.061255,0.00043399
2025-12-05T23:13:34.608334,7,3300,63299,3.054310,0.00043362
2025-12-05T23:13:57.061856,7,3400,63399,3.073929,0.00043326
2025-12-05T23:14:19.192689,7,3500,63499,3.050235,0.00043289
2025-12-05T23:14:41.451969,7,3600,63599,3.030360,0.00043252
2025-12-05T23:15:03.636832,7,3700,63699,3.052055,0.00043215
2025-12-05T23:15:25.902318,7,3800,63799,3.057889,0.00043179
2025-12-05T23:15:48.569245,7,3900,63899,3.066691,0.00043142
2025-12-05T23:16:11.024676,7,4000,63999,3.061864,0.00043105
2025-12-05T23:16:45.675974,7,4100,64099,3.065637,0.00043068
2025-12-05T23:17:07.607838,7,4200,64199,3.061624,0.00043031
2025-12-05T23:17:29.181456,7,4300,64299,3.052778,0.00042994
2025-12-05T23:17:51.054739,7,4400,64399,3.040335,0.00042957
2025-12-05T23:18:13.017266,7,4500,64499,3.064292,0.00042920
2025-12-05T23:18:34.726407,7,4600,64599,3.064847,0.00042882
2025-12-05T23:18:56.533171,7,4700,64699,3.054321,0.00042845
2025-12-05T23:19:18.791672,7,4800,64799,3.067525,0.00042808
2025-12-05T23:19:40.810321,7,4900,64899,3.052068,0.00042771
2025-12-05T23:20:03.256224,7,5000,64999,3.064855,0.00042733
2025-12-05T23:20:38.062501,7,5100,65099,3.059505,0.00042696
2025-12-05T23:21:00.447481,7,5200,65199,3.046823,0.00042659
2025-12-05T23:21:22.618475,7,5300,65299,3.058595,0.00042621
2025-12-05T23:21:44.658327,7,5400,65399,3.057992,0.00042584
2025-12-05T23:22:06.811727,7,5500,65499,3.037783,0.00042546
2025-12-05T23:22:28.952743,7,5600,65599,3.054696,0.00042509
2025-12-05T23:22:51.237172,7,5700,65699,3.042606,0.00042471
2025-12-05T23:23:13.707360,7,5800,65799,3.052110,0.00042434
2025-12-05T23:23:35.936299,7,5900,65899,3.059779,0.00042396
2025-12-05T23:23:58.533179,7,6000,65999,3.062444,0.00042359
2025-12-05T23:24:32.348216,7,6100,66099,3.048629,0.00042321
2025-12-05T23:24:54.658533,7,6200,66199,3.028945,0.00042283
2025-12-05T23:25:17.093076,7,6300,66299,3.048368,0.00042245
2025-12-05T23:25:39.259761,7,6400,66399,3.062695,0.00042208
2025-12-05T23:26:01.261434,7,6500,66499,3.070633,0.00042170
2025-12-05T23:26:23.752250,7,6600,66599,3.049272,0.00042132
2025-12-05T23:26:46.265584,7,6700,66699,3.064607,0.00042094
2025-12-05T23:27:08.611407,7,6800,66799,3.068008,0.00042056
2025-12-05T23:27:29.982473,7,6900,66899,3.053117,0.00042018
2025-12-05T23:27:52.431724,7,7000,66999,3.067723,0.00041980
2025-12-05T23:28:25.949940,7,7100,67099,3.053426,0.00041942
2025-12-05T23:28:48.937590,7,7200,67199,3.053490,0.00041904
2025-12-05T23:29:12.409673,7,7300,67299,3.048840,0.00041866
2025-12-05T23:29:35.891605,7,7400,67399,3.049056,0.00041828
2025-12-05T23:29:58.840207,7,7500,67499,3.049864,0.00041789
2025-12-05T23:30:22.119051,7,7600,67599,3.045089,0.00041751
2025-12-05T23:30:45.387118,7,7700,67699,3.053850,0.00041713
2025-12-05T23:31:07.631395,7,7800,67799,3.044737,0.00041675
2025-12-05T23:31:29.925188,7,7900,67899,3.049218,0.00041636
2025-12-05T23:31:52.664236,7,8000,67999,3.047817,0.00041598
2025-12-05T23:32:25.411412,7,8100,68099,3.054571,0.00041560
2025-12-05T23:32:47.238475,7,8200,68199,3.053968,0.00041521
2025-12-05T23:33:09.311271,7,8300,68299,3.044028,0.00041483
2025-12-05T23:33:31.423795,7,8400,68399,3.049525,0.00041444
2025-12-05T23:33:53.355665,7,8500,68499,3.049604,0.00041406
2025-12-05T23:34:15.403587,7,8600,68599,3.049060,0.00041367
2025-12-05T23:34:38.721443,7,8700,68699,3.062911,0.00041329
2025-12-05T23:35:00.912827,7,8800,68799,3.039215,0.00041290
2025-12-05T23:35:23.498615,7,8900,68899,3.050615,0.00041251
2025-12-05T23:35:45.961956,7,9000,68999,3.045861,0.00041213
2025-12-05T23:36:19.927346,7,9100,69099,3.044586,0.00041174
2025-12-05T23:36:42.935283,7,9200,69199,3.055228,0.00041135
2025-12-05T23:37:05.990489,7,9300,69299,3.041988,0.00041096
2025-12-05T23:37:28.608746,7,9400,69399,3.045874,0.00041057
2025-12-05T23:37:51.347136,7,9500,69499,3.033706,0.00041019
2025-12-05T23:38:14.370938,7,9600,69599,3.053863,0.00040980
2025-12-05T23:38:37.340357,7,9700,69699,3.040503,0.00040941
2025-12-05T23:38:59.519462,7,9800,69799,3.057887,0.00040902
2025-12-05T23:39:21.667577,7,9900,69899,3.057622,0.00040863
2025-12-05T23:39:43.717859,7,10000,69999,3.047244,0.00040824
2025-12-05T23:40:26.517062,8,100,70099,3.064512,0.00040785
2025-12-05T23:40:48.238792,8,200,70199,3.043251,0.00040746
2025-12-05T23:41:10.038989,8,300,70299,3.052768,0.00040706
2025-12-05T23:41:31.003539,8,400,70399,3.056495,0.00040667
2025-12-05T23:41:52.635011,8,500,70499,3.050905,0.00040628
2025-12-05T23:42:14.540046,8,600,70599,3.057879,0.00040589
2025-12-05T23:42:36.001032,8,700,70699,3.061387,0.00040550
2025-12-05T23:42:57.919791,8,800,70799,3.057846,0.00040510
2025-12-05T23:43:19.602349,8,900,70899,3.050774,0.00040471
2025-12-05T23:43:41.261349,8,1000,70999,3.048785,0.00040432
2025-12-05T23:44:14.482459,8,1100,71099,3.051436,0.00040392
2025-12-05T23:44:36.693025,8,1200,71199,3.052140,0.00040353
2025-12-05T23:44:59.212350,8,1300,71299,3.028470,0.00040314
2025-12-05T23:45:22.394735,8,1400,71399,3.034704,0.00040274
2025-12-05T23:45:44.908190,8,1500,71499,3.060984,0.00040235
2025-12-05T23:46:06.640993,8,1600,71599,3.037890,0.00040195
2025-12-05T23:46:29.229933,8,1700,71699,3.047384,0.00040156
2025-12-05T23:46:50.966349,8,1800,71799,3.043903,0.00040116
2025-12-05T23:47:12.685726,8,1900,71899,3.027514,0.00040076
2025-12-05T23:47:34.770056,8,2000,71999,3.057700,0.00040037
2025-12-05T23:48:09.437205,8,2100,72099,3.063163,0.00039997
2025-12-05T23:48:31.147002,8,2200,72199,3.051661,0.00039957
2025-12-05T23:48:52.687820,8,2300,72299,3.051044,0.00039918
2025-12-05T23:49:13.982303,8,2400,72399,3.047205,0.00039878
2025-12-05T23:49:35.275308,8,2500,72499,3.037692,0.00039838
2025-12-05T23:49:56.402203,8,2600,72599,3.036943,0.00039798
2025-12-05T23:50:17.416288,8,2700,72699,3.054744,0.00039758
2025-12-05T23:50:38.917933,8,2800,72799,3.043930,0.00039718
2025-12-05T23:51:00.432422,8,2900,72899,3.074772,0.00039678
2025-12-05T23:51:21.931384,8,3000,72999,3.052479,0.00039639
2025-12-05T23:51:55.147260,8,3100,73099,3.061756,0.00039599
2025-12-05T23:52:17.088885,8,3200,73199,3.058153,0.00039559
2025-12-05T23:52:39.723703,8,3300,73299,3.055257,0.00039518
2025-12-05T23:53:02.362846,8,3400,73399,3.050323,0.00039478
2025-12-05T23:53:24.806776,8,3500,73499,3.044905,0.00039438
2025-12-05T23:53:46.632774,8,3600,73599,3.067022,0.00039398
2025-12-05T23:54:08.789733,8,3700,73699,3.067225,0.00039358
2025-12-05T23:54:30.225234,8,3800,73799,3.044273,0.00039318
2025-12-05T23:54:52.730944,8,3900,73899,3.055033,0.00039278
2025-12-05T23:55:14.979459,8,4000,73999,3.042618,0.00039237
2025-12-05T23:55:53.313879,8,4100,74099,3.055216,0.00039197
2025-12-05T23:56:16.404662,8,4200,74199,3.038917,0.00039157
2025-12-05T23:56:39.311101,8,4300,74299,3.045464,0.00039117
2025-12-05T23:57:02.420459,8,4400,74399,3.045049,0.00039076
2025-12-05T23:57:25.313168,8,4500,74499,3.057611,0.00039036
2025-12-05T23:57:47.940612,8,4600,74599,3.066560,0.00038995
2025-12-05T23:58:10.920644,8,4700,74699,3.039338,0.00038955
2025-12-05T23:58:33.713065,8,4800,74799,3.048294,0.00038915
2025-12-05T23:58:56.520366,8,4900,74899,3.034797,0.00038874
2025-12-05T23:59:18.928741,8,5000,74999,3.028731,0.00038834
2025-12-05T23:59:53.662574,8,5100,75099,3.035670,0.00038793
2025-12-06T00:00:16.383495,8,5200,75199,3.030954,0.00038752
2025-12-06T00:00:38.720360,8,5300,75299,3.031222,0.00038712
2025-12-06T00:01:01.567625,8,5400,75399,3.053202,0.00038671
2025-12-06T00:01:23.687584,8,5500,75499,3.044546,0.00038631
2025-12-06T00:01:46.166590,8,5600,75599,3.072672,0.00038590
2025-12-06T00:02:08.837767,8,5700,75699,3.052802,0.00038549
2025-12-06T00:02:30.563534,8,5800,75799,3.049487,0.00038508
2025-12-06T00:02:52.614427,8,5900,75899,3.029643,0.00038468
2025-12-06T00:03:15.088326,8,6000,75999,3.039787,0.00038427
2025-12-06T00:03:49.664638,8,6100,76099,3.032835,0.00038386
2025-12-06T00:04:12.290080,8,6200,76199,3.017269,0.00038345
2025-12-06T00:04:34.714808,8,6300,76299,3.044653,0.00038304
2025-12-06T00:04:57.363651,8,6400,76399,3.055362,0.00038264
2025-12-06T00:05:20.191991,8,6500,76499,3.066502,0.00038223
2025-12-06T00:05:42.661703,8,6600,76599,3.038718,0.00038182
2025-12-06T00:06:05.178289,8,6700,76699,3.036807,0.00038141
2025-12-06T00:06:27.977067,8,6800,76799,3.058439,0.00038100
2025-12-06T00:06:50.793183,8,6900,76899,3.030998,0.00038059
2025-12-06T00:07:13.148675,8,7000,76999,3.039107,0.00038018
2025-12-06T00:07:44.981633,8,7100,77099,3.050913,0.00037977
2025-12-06T00:08:06.651283,8,7200,77199,3.066551,0.00037936
2025-12-06T00:08:27.710070,8,7300,77299,3.037029,0.00037894
2025-12-06T00:08:48.783225,8,7400,77399,3.048145,0.00037853
2025-12-06T00:09:09.966691,8,7500,77499,3.048251,0.00037812
2025-12-06T00:09:31.533628,8,7600,77599,3.046203,0.00037771
2025-12-06T00:09:53.499871,8,7700,77699,3.026271,0.00037730
2025-12-06T00:10:16.168484,8,7800,77799,3.052630,0.00037689
2025-12-06T00:10:39.168160,8,7900,77899,3.040096,0.00037647
2025-12-06T00:11:01.610016,8,8000,77999,3.029776,0.00037606
2025-12-06T00:11:35.362716,8,8100,78099,3.051728,0.00037565
2025-12-06T00:11:57.351259,8,8200,78199,3.037294,0.00037523
2025-12-06T00:12:19.337314,8,8300,78299,3.039847,0.00037482
2025-12-06T00:12:41.562057,8,8400,78399,3.046257,0.00037441
2025-12-06T00:13:03.425153,8,8500,78499,3.028582,0.00037399
2025-12-06T00:13:25.007183,8,8600,78599,3.029256,0.00037358
2025-12-06T00:13:46.978939,8,8700,78699,3.022620,0.00037316
2025-12-06T00:14:09.108900,8,8800,78799,3.054635,0.00037275
2025-12-06T00:14:31.491922,8,8900,78899,3.020507,0.00037233
2025-12-06T00:14:54.229950,8,9000,78999,3.051297,0.00037192
2025-12-06T00:15:27.460248,8,9100,79099,3.036353,0.00037150
2025-12-06T00:15:49.678404,8,9200,79199,3.009648,0.00037109
2025-12-06T00:16:12.212978,8,9300,79299,3.057373,0.00037067
2025-12-06T00:16:34.073061,8,9400,79399,3.037328,0.00037025
2025-12-06T00:16:56.118081,8,9500,79499,3.073532,0.00036984
2025-12-06T00:17:17.930767,8,9600,79599,3.046320,0.00036942
2025-12-06T00:17:40.271882,8,9700,79699,3.044765,0.00036900
2025-12-06T00:18:02.097525,8,9800,79799,3.059159,0.00036859
2025-12-06T00:18:23.632356,8,9900,79899,3.046635,0.00036817
2025-12-06T00:18:45.218350,8,10000,79999,3.035884,0.00036775
2025-12-06T00:19:27.873241,9,100,80099,3.060706,0.00036734
2025-12-06T00:19:49.220309,9,200,80199,3.030729,0.00036692
2025-12-06T00:20:10.577545,9,300,80299,3.041060,0.00036650
2025-12-06T00:20:31.880950,9,400,80399,3.035780,0.00036608
2025-12-06T00:20:52.982759,9,500,80499,3.023247,0.00036566
2025-12-06T00:21:14.795956,9,600,80599,3.014591,0.00036524
2025-12-06T00:21:37.018946,9,700,80699,3.042103,0.00036482
2025-12-06T00:21:58.943746,9,800,80799,3.051342,0.00036441
2025-12-06T00:22:21.059554,9,900,80899,3.046790,0.00036399
2025-12-06T00:22:43.187461,9,1000,80999,3.045945,0.00036357
2025-12-06T00:23:18.357298,9,1100,81099,3.036311,0.00036315
2025-12-06T00:23:39.526238,9,1200,81199,3.025629,0.00036273
2025-12-06T00:24:00.761476,9,1300,81299,3.044844,0.00036231
2025-12-06T00:24:22.746878,9,1400,81399,3.033032,0.00036189
2025-12-06T00:24:44.362120,9,1500,81499,3.056386,0.00036146
2025-12-06T00:25:06.045067,9,1600,81599,3.036537,0.00036104
2025-12-06T00:25:27.724456,9,1700,81699,3.045264,0.00036062
2025-12-06T00:25:50.327881,9,1800,81799,3.021212,0.00036020
2025-12-06T00:26:13.139007,9,1900,81899,3.042918,0.00035978
2025-12-06T00:26:35.507730,9,2000,81999,3.032860,0.00035936
2025-12-06T00:27:09.302157,9,2100,82099,3.033352,0.00035894
2025-12-06T00:27:31.675357,9,2200,82199,3.042219,0.00035851
2025-12-06T00:27:53.929979,9,2300,82299,3.043101,0.00035809
2025-12-06T00:28:16.042478,9,2400,82399,3.032649,0.00035767
2025-12-06T00:28:38.368485,9,2500,82499,3.032570,0.00035725
2025-12-06T00:29:00.746098,9,2600,82599,3.034428,0.00035682
2025-12-06T00:29:23.065076,9,2700,82699,3.039321,0.00035640
2025-12-06T00:29:45.936314,9,2800,82799,3.030856,0.00035598
2025-12-06T00:30:07.866465,9,2900,82899,3.045957,0.00035555
2025-12-06T00:30:30.329876,9,3000,82999,3.031173,0.00035513
2025-12-06T00:31:04.461886,9,3100,83099,3.021177,0.00035471
2025-12-06T00:31:26.770691,9,3200,83199,3.039468,0.00035428
2025-12-06T00:31:48.686583,9,3300,83299,3.007874,0.00035386
2025-12-06T00:32:10.153523,9,3400,83399,3.042006,0.00035343
2025-12-06T00:32:31.810681,9,3500,83499,3.038776,0.00035301
2025-12-06T00:32:54.037079,9,3600,83599,3.033449,0.00035258
2025-12-06T00:33:15.623300,9,3700,83699,3.034710,0.00035216
2025-12-06T00:33:37.354703,9,3800,83799,3.046640,0.00035173
2025-12-06T00:34:00.075634,9,3900,83899,3.029403,0.00035131
2025-12-06T00:34:22.503435,9,4000,83999,3.036541,0.00035088
2025-12-06T00:34:56.450619,9,4100,84099,3.013773,0.00035046
2025-12-06T00:35:18.109249,9,4200,84199,3.034541,0.00035003
2025-12-06T00:35:40.690290,9,4300,84299,3.029342,0.00034960
2025-12-06T00:36:02.779710,9,4400,84399,3.050832,0.00034918
2025-12-06T00:36:24.917175,9,4500,84499,3.050662,0.00034875
2025-12-06T00:36:47.360511,9,4600,84599,3.043069,0.00034833
2025-12-06T00:37:09.773970,9,4700,84699,3.045435,0.00034790
2025-12-06T00:37:32.198026,9,4800,84799,3.024609,0.00034747
2025-12-06T00:37:53.908499,9,4900,84899,3.037634,0.00034704
2025-12-06T00:38:17.065738,9,5000,84999,3.030117,0.00034662
2025-12-06T00:38:51.260918,9,5100,85099,3.040031,0.00034619
2025-12-06T00:39:13.875435,9,5200,85199,3.042442,0.00034576
2025-12-06T00:39:36.986156,9,5300,85299,3.033567,0.00034533
2025-12-06T00:39:59.662190,9,5400,85399,3.023515,0.00034491
2025-12-06T00:40:22.228778,9,5500,85499,3.044478,0.00034448
2025-12-06T00:40:44.557120,9,5600,85599,3.039010,0.00034405
2025-12-06T00:41:07.359934,9,5700,85699,3.059606,0.00034362
2025-12-06T00:41:29.245977,9,5800,85799,3.055926,0.00034319
2025-12-06T00:41:51.331176,9,5900,85899,3.047441,0.00034276
2025-12-06T00:42:14.080840,9,6000,85999,3.020107,0.00034234
2025-12-06T00:42:49.492529,9,6100,86099,3.019648,0.00034191
2025-12-06T00:43:11.151767,9,6200,86199,3.050096,0.00034148
2025-12-06T00:43:33.049281,9,6300,86299,3.035174,0.00034105
2025-12-06T00:43:54.835875,9,6400,86399,3.055426,0.00034062
2025-12-06T00:44:16.565153,9,6500,86499,3.047111,0.00034019
2025-12-06T00:44:38.479224,9,6600,86599,3.035811,0.00033976
2025-12-06T00:45:00.464964,9,6700,86699,3.012135,0.00033933
2025-12-06T00:45:22.612781,9,6800,86799,3.035372,0.00033890
2025-12-06T00:45:45.081744,9,6900,86899,3.037404,0.00033847
2025-12-06T00:46:07.041748,9,7000,86999,3.041463,0.00033804
2025-12-06T00:46:41.337203,9,7100,87099,3.054222,0.00033761
2025-12-06T00:47:03.812402,9,7200,87199,3.036511,0.00033718
2025-12-06T00:47:26.614626,9,7300,87299,3.020473,0.00033675
2025-12-06T00:47:48.993058,9,7400,87399,3.057226,0.00033631
2025-12-06T00:48:11.419674,9,7500,87499,3.054495,0.00033588
2025-12-06T00:48:34.126040,9,7600,87599,3.040191,0.00033545
2025-12-06T00:48:57.005372,9,7700,87699,3.052155,0.00033502
2025-12-06T00:49:19.780692,9,7800,87799,3.031894,0.00033459
2025-12-06T00:49:42.561362,9,7900,87899,3.057599,0.00033416
2025-12-06T00:50:04.959675,9,8000,87999,3.045572,0.00033373
2025-12-06T00:50:40.918537,9,8100,88099,3.006743,0.00033329
2025-12-06T00:51:02.755375,9,8200,88199,3.012244,0.00033286
2025-12-06T00:51:23.979599,9,8300,88299,3.052062,0.00033243
2025-12-06T00:51:46.325848,9,8400,88399,3.033370,0.00033200
2025-12-06T00:52:08.066584,9,8500,88499,3.046741,0.00033156
2025-12-06T00:52:29.848159,9,8600,88599,3.028615,0.00033113
2025-12-06T00:52:51.982667,9,8700,88699,3.030422,0.00033070
2025-12-06T00:53:14.384434,9,8800,88799,3.062932,0.00033027
2025-12-06T00:53:36.662372,9,8900,88899,3.045370,0.00032983
2025-12-06T00:53:59.280257,9,9000,88999,3.054159,0.00032940
2025-12-06T00:54:33.770928,9,9100,89099,3.038759,0.00032897
2025-12-06T00:54:55.172887,9,9200,89199,3.040471,0.00032853
2025-12-06T00:55:16.702740,9,9300,89299,3.037738,0.00032810
2025-12-06T00:55:38.651172,9,9400,89399,3.039271,0.00032767
2025-12-06T00:56:00.231698,9,9500,89499,3.051712,0.00032723
2025-12-06T00:56:21.453324,9,9600,89599,3.031283,0.00032680
2025-12-06T00:56:42.884885,9,9700,89699,3.021511,0.00032636
2025-12-06T00:57:05.124420,9,9800,89799,3.040910,0.00032593
2025-12-06T00:57:27.281496,9,9900,89899,3.038241,0.00032550
2025-12-06T00:57:49.100784,9,10000,89999,3.057079,0.00032506
2025-12-06T00:58:35.365829,10,100,90099,3.040936,0.00032463
2025-12-06T00:58:56.903530,10,200,90199,3.017665,0.00032419
2025-12-06T00:59:19.234854,10,300,90299,3.044297,0.00032376
2025-12-06T00:59:41.712304,10,400,90399,3.030500,0.00032332
2025-12-06T01:00:03.278883,10,500,90499,3.046232,0.00032289
2025-12-06T01:00:25.797899,10,600,90599,3.046111,0.00032245
2025-12-06T01:00:47.417771,10,700,90699,3.014825,0.00032202
2025-12-06T01:01:09.037680,10,800,90799,3.046509,0.00032158
2025-12-06T01:01:31.048854,10,900,90899,3.010263,0.00032115
2025-12-06T01:01:53.187734,10,1000,90999,3.063156,0.00032071
2025-12-06T01:02:28.010587,10,1100,91099,3.033329,0.00032028
2025-12-06T01:02:49.380651,10,1200,91199,3.049705,0.00031984
2025-12-06T01:03:10.639691,10,1300,91299,3.066148,0.00031940
2025-12-06T01:03:32.560252,10,1400,91399,3.043847,0.00031897
2025-12-06T01:03:54.659705,10,1500,91499,3.028453,0.00031853
2025-12-06T01:04:16.328308,10,1600,91599,3.012446,0.00031810
2025-12-06T01:04:38.372838,10,1700,91699,3.039113,0.00031766
2025-12-06T01:05:00.793445,10,1800,91799,3.022863,0.00031722
2025-12-06T01:05:23.552855,10,1900,91899,3.019175,0.00031679
2025-12-06T01:05:45.374491,10,2000,91999,3.041617,0.00031635
2025-12-06T01:06:20.590017,10,2100,92099,3.032706,0.00031591
2025-12-06T01:06:42.556221,10,2200,92199,3.045098,0.00031548
2025-12-06T01:07:04.314458,10,2300,92299,3.040784,0.00031504
2025-12-06T01:07:26.133487,10,2400,92399,3.033987,0.00031460
2025-12-06T01:07:48.003529,10,2500,92499,3.037723,0.00031417
2025-12-06T01:08:09.601992,10,2600,92599,3.015123,0.00031373
2025-12-06T01:08:30.885566,10,2700,92699,3.043379,0.00031329
2025-12-06T01:08:52.715820,10,2800,92799,3.019620,0.00031286
2025-12-06T01:09:15.856895,10,2900,92899,2.998071,0.00031242
2025-12-06T01:09:38.838983,10,3000,92999,3.023724,0.00031198
2025-12-06T01:10:13.723239,10,3100,93099,3.016244,0.00031154
2025-12-06T01:10:36.669791,10,3200,93199,3.036251,0.00031111
2025-12-06T01:10:59.876189,10,3300,93299,3.016336,0.00031067
2025-12-06T01:11:22.969798,10,3400,93399,3.041516,0.00031023
2025-12-06T01:11:45.536711,10,3500,93499,3.043394,0.00030979
2025-12-06T01:12:09.020517,10,3600,93599,3.059155,0.00030936
2025-12-06T01:12:31.937920,10,3700,93699,3.049369,0.00030892
2025-12-06T07:32:22.815490,1,100,99,14461.464660,0.00005525
2025-12-06T07:32:44.138008,1,200,199,1.098023,0.00011105
2025-12-06T07:33:05.844615,1,300,299,1.012813,0.00016685
2025-12-06T07:33:27.036364,1,400,399,0.971187,0.00022266
2025-12-06T07:33:48.717585,1,500,499,0.941801,0.00027846
2025-12-06T07:34:10.781063,1,600,599,0.915308,0.00033426
2025-12-06T07:34:32.231429,1,700,699,0.918900,0.00039007
2025-12-06T07:34:54.075921,1,800,799,0.890668,0.00044587
2025-12-06T07:35:16.015801,1,900,899,0.887574,0.00050167
2025-12-06T07:35:37.821278,1,1000,999,0.870386,0.00055748
2025-12-06T07:36:11.121521,1,1100,1099,0.865088,0.00055804
2025-12-06T07:36:32.508355,1,1200,1199,0.862094,0.00055803
2025-12-06T07:36:53.300603,1,1300,1299,0.882567,0.00055803
2025-12-06T07:37:13.600233,1,1400,1399,0.864926,0.00055803
2025-12-06T07:37:34.648110,1,1500,1499,0.866731,0.00055803
2025-12-06T07:37:55.574068,1,1600,1599,0.852800,0.00055802
2025-12-06T07:38:16.753982,1,1700,1699,0.851959,0.00055802
2025-12-06T07:38:37.876710,1,1800,1799,0.842906,0.00055801
2025-12-06T07:38:59.029226,1,1900,1899,0.857886,0.00055801
2025-12-06T07:39:20.336757,1,2000,1999,0.842826,0.00055800
2025-12-06T07:39:56.365567,1,2100,2099,0.840089,0.00055799
2025-12-06T07:40:17.841440,1,2200,2199,0.842393,0.00055799
2025-12-06T07:40:39.064586,1,2300,2299,0.837416,0.00055798
2025-12-06T07:40:59.786297,1,2400,2399,0.832876,0.00055797
2025-12-06T07:41:21.198280,1,2500,2499,0.832144,0.00055796
2025-12-06T07:41:41.889507,1,2600,2599,0.829789,0.00055795
2025-12-06T07:42:02.628786,1,2700,2699,0.829666,0.00055794
2025-12-06T07:42:23.236479,1,2800,2799,0.828103,0.00055792
2025-12-06T07:42:44.613072,1,2900,2899,0.849424,0.00055791
2025-12-06T07:43:06.100855,1,3000,2999,0.828707,0.00055790
2025-12-06T07:43:40.485264,1,3100,3099,0.827091,0.00055788
2025-12-06T07:44:02.517103,1,3200,3199,0.825268,0.00055787
2025-12-06T07:44:24.724182,1,3300,3299,0.822792,0.00055785
2025-12-06T07:44:46.560641,1,3400,3399,0.822807,0.00055784
2025-12-06T07:45:08.836133,1,3500,3499,0.823217,0.00055782
2025-12-06T07:45:31.116031,1,3600,3599,0.820715,0.00055780
2025-12-06T07:45:52.531370,1,3700,3699,0.821764,0.00055778
2025-12-06T07:46:14.537652,1,3800,3799,0.819646,0.00055776
2025-12-06T07:46:36.549959,1,3900,3899,0.819025,0.00055774
2025-12-06T07:46:58.213762,1,4000,3999,0.818824,0.00055772
2025-12-06T07:47:33.242069,1,4100,4099,0.818468,0.00055770
2025-12-06T07:47:55.008406,1,4200,4199,0.819891,0.00055768
2025-12-06T07:48:16.971408,1,4300,4299,0.816899,0.00055766
2025-12-06T07:48:37.904590,1,4400,4399,0.815607,0.00055763
2025-12-06T07:48:59.688971,1,4500,4499,0.816281,0.00055761
2025-12-06T07:49:21.470647,1,4600,4599,0.815341,0.00055759
2025-12-06T07:49:43.073080,1,4700,4699,0.814102,0.00055756
2025-12-06T07:50:04.677661,1,4800,4799,0.813500,0.00055753
2025-12-06T07:50:26.465539,1,4900,4899,0.813589,0.00055751
2025-12-06T07:50:48.200354,1,5000,4999,0.812477,0.00055748
2025-12-06T07:51:21.811702,1,5100,5099,0.813203,0.00055745
2025-12-06T07:51:43.656137,1,5200,5199,0.813570,0.00055742
2025-12-06T07:52:05.868687,1,5300,5299,0.810520,0.00055739
2025-12-06T07:52:27.160857,1,5400,5399,0.811697,0.00055736
2025-12-06T07:52:48.859124,1,5500,5499,0.811066,0.00055733
2025-12-06T07:53:11.165745,1,5600,5599,0.811759,0.00055730
2025-12-06T07:53:33.124773,1,5700,5699,0.809983,0.00055727
2025-12-06T07:53:54.663206,1,5800,5799,0.810114,0.00055724
2025-12-06T07:54:16.729561,1,5900,5899,0.810418,0.00055720
2025-12-06T07:54:38.845862,1,6000,5999,0.807400,0.00055717
2025-12-06T07:55:14.493562,1,6100,6099,0.807952,0.00055713
2025-12-06T07:55:36.963191,1,6200,6199,0.808267,0.00055710
2025-12-06T07:55:59.441148,1,6300,6299,0.808263,0.00055706
2025-12-06T07:56:21.362851,1,6400,6399,0.806299,0.00055702
2025-12-06T07:56:43.795450,1,6500,6499,0.806820,0.00055699
2025-12-06T07:57:05.852317,1,6600,6599,0.805797,0.00055695
2025-12-06T07:57:28.034921,1,6700,6699,0.805797,0.00055691
2025-12-06T07:57:49.491526,1,6800,6799,0.806282,0.00055687
2025-12-06T07:58:11.857329,1,6900,6899,0.805553,0.00055683
2025-12-06T07:58:34.454805,1,7000,6999,0.804543,0.00055679
2025-12-06T07:59:09.077404,1,7100,7099,0.804857,0.00055674
2025-12-06T07:59:30.953337,1,7200,7199,0.803868,0.00055670
2025-12-06T07:59:53.072838,1,7300,7299,0.804265,0.00055666
2025-12-06T08:00:15.080963,1,7400,7399,0.802525,0.00055661
2025-12-06T08:00:36.874258,1,7500,7499,0.802595,0.00055657
2025-12-06T08:00:59.036772,1,7600,7599,0.803928,0.00055652
2025-12-06T08:01:21.242038,1,7700,7699,0.802724,0.00055648
2025-12-06T08:01:43.014417,1,7800,7799,0.803035,0.00055643
2025-12-06T08:02:04.950203,1,7900,7899,0.802288,0.00055638
2025-12-06T08:02:27.205826,1,8000,7999,0.802504,0.00055633
2025-12-06T08:03:01.423833,1,8100,8099,0.801837,0.00055629
2025-12-06T08:03:22.939676,1,8200,8199,0.800307,0.00055624
2025-12-06T08:03:44.411664,1,8300,8299,0.801096,0.00055619
2025-12-06T08:04:05.971063,1,8400,8399,0.801290,0.00055613
2025-12-06T08:04:27.478279,1,8500,8499,0.799333,0.00055608
2025-12-06T08:04:49.052002,1,8600,8599,0.801044,0.00055603
2025-12-06T08:05:10.737499,1,8700,8699,0.800211,0.00055598
2025-12-06T08:05:32.074608,1,8800,8799,0.798937,0.00055592
2025-12-06T08:05:53.832982,1,8900,8899,0.800422,0.00055587
2025-12-06T08:06:15.593766,1,9000,8999,0.799885,0.00055581
2025-12-06T08:06:50.440357,1,9100,9099,0.799599,0.00055576
2025-12-06T08:07:12.366353,1,9200,9199,0.798800,0.00055570
2025-12-06T08:07:34.485911,1,9300,9299,0.799627,0.00055564
2025-12-06T08:07:56.332451,1,9400,9399,0.798396,0.00055559
2025-12-06T08:08:17.859923,1,9500,9499,0.797929,0.00055553
2025-12-06T08:08:39.687638,1,9600,9599,0.797008,0.00055547
2025-12-06T08:09:01.757500,1,9700,9699,0.799585,0.00055541
2025-12-06T08:09:23.083459,1,9800,9799,0.798128,0.00055535
2025-12-06T08:09:44.836870,1,9900,9899,0.798215,0.00055529
2025-12-06T08:10:07.140551,1,10000,9999,0.796966,0.00055522
2025-12-06T08:10:53.326619,2,100,10099,0.797502,0.00055516
2025-12-06T08:11:14.151409,2,200,10199,0.795947,0.00055510
2025-12-06T08:11:35.633408,2,300,10299,0.796896,0.00055503
2025-12-06T08:11:56.862697,2,400,10399,0.797033,0.00055497
2025-12-06T08:12:18.697515,2,500,10499,0.795942,0.00055490
2025-12-06T08:12:40.731225,2,600,10599,0.798089,0.00055484
2025-12-06T08:13:02.924452,2,700,10699,0.796713,0.00055477
2025-12-06T08:13:24.186428,2,800,10799,0.796413,0.00055470
2025-12-06T08:13:45.848548,2,900,10899,0.795986,0.00055464
2025-12-06T08:14:08.444578,2,1000,10999,0.794198,0.00055457
2025-12-06T08:14:45.342837,2,1100,11099,0.794053,0.00055450
2025-12-06T08:15:06.545050,2,1200,11199,0.796089,0.00055443
2025-12-06T08:15:28.151757,2,1300,11299,0.794885,0.00055436
2025-12-06T08:15:50.121176,2,1400,11399,0.795549,0.00055428
2025-12-06T08:16:11.870809,2,1500,11499,0.794283,0.00055421
2025-12-06T08:16:33.243219,2,1600,11599,0.794727,0.00055414
2025-12-06T08:16:54.985991,2,1700,11699,0.794850,0.00055407
2025-12-06T08:17:16.728102,2,1800,11799,0.793204,0.00055399
2025-12-06T08:17:38.057179,2,1900,11899,0.794641,0.00055392
2025-12-06T08:17:59.936306,2,2000,11999,0.793772,0.00055384
2025-12-06T08:18:34.123808,2,2100,12099,0.793220,0.00055376
2025-12-06T08:18:55.585244,2,2200,12199,0.793443,0.00055369
2025-12-06T08:19:16.543876,2,2300,12299,0.792511,0.00055361
2025-12-06T08:19:37.855921,2,2400,12399,0.794225,0.00055353
2025-12-06T08:19:59.319488,2,2500,12499,0.793143,0.00055345
2025-12-06T08:20:20.409747,2,2600,12599,0.793422,0.00055337
2025-12-06T08:20:42.072914,2,2700,12699,0.792931,0.00055329
2025-12-06T08:21:04.493945,2,2800,12799,0.792166,0.00055321
2025-12-06T08:21:26.627846,2,2900,12899,0.793450,0.00055313
2025-12-06T08:21:48.647258,2,3000,12999,0.792704,0.00055304
2025-12-06T08:22:24.624418,2,3100,13099,0.791438,0.00055296
2025-12-06T08:22:46.820048,2,3200,13199,0.793941,0.00055288
2025-12-06T08:23:09.055619,2,3300,13299,0.793150,0.00055279
2025-12-06T08:23:31.665217,2,3400,13399,0.791904,0.00055271
2025-12-06T08:23:54.212496,2,3500,13499,0.792141,0.00055262
2025-12-06T08:24:16.775195,2,3600,13599,0.791452,0.00055253
2025-12-06T08:24:38.514965,2,3700,13699,0.835380,0.00055245
2025-12-06T08:25:00.863779,2,3800,13799,44966.338243,0.00055236
2025-12-06T08:25:23.162287,2,3900,13899,161.447983,0.00055227
2025-12-06T08:25:45.272455,2,4000,13999,0.830469,0.00055218
2025-12-06T08:26:20.828362,2,4100,14099,0.808942,0.00055209
2025-12-06T08:26:43.515600,2,4200,14199,0.803172,0.00055200
2025-12-06T08:27:06.525158,2,4300,14299,0.798546,0.00055191
2025-12-06T08:27:29.398373,2,4400,14399,0.797190,0.00055182
2025-12-06T08:27:52.548184,2,4500,14499,0.795520,0.00055172
2025-12-06T08:28:15.480919,2,4600,14599,0.795283,0.00055163
2025-12-06T08:28:38.543105,2,4700,14699,0.793046,0.00055154
2025-12-06T08:29:02.047684,2,4800,14799,0.794477,0.00055144
2025-12-06T08:29:24.622128,2,4900,14899,0.793885,0.00055135
2025-12-06T08:29:47.376754,2,5000,14999,0.793046,0.00055125
2025-12-06T08:30:22.979271,2,5100,15099,0.791977,0.00055115
2025-12-06T08:30:46.436487,2,5200,15199,0.791410,0.00055106
2025-12-06T08:31:09.695352,2,5300,15299,0.792176,0.00055096
2025-12-06T08:31:33.139091,2,5400,15399,0.792265,0.00055086
2025-12-06T08:31:56.582423,2,5500,15499,0.791380,0.00055076
2025-12-06T08:32:19.852700,2,5600,15599,0.792319,0.00055066
2025-12-06T08:32:43.183729,2,5700,15699,0.792313,0.00055056
2025-12-06T08:33:06.227589,2,5800,15799,0.791666,0.00055046
2025-12-06T08:33:29.215123,2,5900,15899,0.799224,0.00055035
